,bottleID,cruise,yyyymmdd,V4data
0,1033900707,AE1718,20170913,
1,1033900708,AE1718,20170913,
2,1033900709,AE1718,20170913,
3,1033900710,AE1718,20170913,
4,1033900711,AE1718,20170913,
5,1033900712,AE1718,20170913,
6,1033900713,AE1718,20170913,
7,1033900714,AE1718,20170913,
8,1033900715,AE1718,20170913,
9,1033900716,AE1718,20170913,
10,1033900717,AE1718,20170913,
11,1033900718,AE1718,20170913,
12,1033900719,AE1718,20170913,
13,1033900720,AE1718,20170913,
14,1033900721,AE1718,20170913,
15,1033900722,AE1718,20170913,
16,1033900723,AE1718,20170913,
17,1033900724,AE1718,20170913,
18,1033900801,AE1718,20170913,
19,1033900802,AE1718,20170913,
20,1033900803,AE1718,20170913,
21,1033900804,AE1718,20170913,
22,1033900805,AE1718,20170913,
23,1033900806,AE1718,20170913,
24,1033900807,AE1718,20170913,
25,1033900808,AE1718,20170913,
26,1033900809,AE1718,20170913,
27,1033900810,AE1718,20170913,
28,1033900811,AE1718,20170913,
29,1033900812,AE1718,20170913,
30,1033900813,AE1718,20170913,
31,1033900814,AE1718,20170913,
32,1033900815,AE1718,20170913,
33,1033900816,AE1718,20170913,
34,1033900817,AE1718,20170913,
35,1033900818,AE1718,20170913,
36,1033900819,AE1718,20170913,
37,1033900820,AE1718,20170913,
38,1033900821,AE1718,20170913,
39,1033900822,AE1718,20170913,
40,1033900823,AE1718,20170913,
41,1033900824,AE1718,20170913,
42,1033901101,AE1718,20170914,
43,1033901102,AE1718,20170914,lane1_s092_index_CGAAGTAT_CTGCGTGT_10339_1_S92
44,1033901103,AE1718,20170914,
45,1033901104,AE1718,20170914,lane1_s099_index_CTGCGTAG_CTGCGTGT_10339_40_S99
46,1033901105,AE1718,20170914,
47,1033901106,AE1718,20170914,
48,1033901107,AE1718,20170914,
49,1033901108,AE1718,20170914,
50,1033901109,AE1718,20170914,lane1_s097_index_AGCATACC_CTGCGTGT_10339_120_S97
51,1033901110,AE1718,20170914,
52,1033901111,AE1718,20170914,
53,1033901112,AE1718,20170914,lane1_s098_index_AGCATACC_TCATCGAG_10339_160_S98
54,1033901113,AE1718,20170914,lane1_s099_index_AGCATACC_CGTGAGTG_10339_200_S99
55,1033901114,AE1718,20170914,
56,1033901115,AE1718,20170914,lane1_s100_index_AGCATACC_GGATATCT_10339_250_S100
57,1033901116,AE1718,20170914,
58,1033901117,AE1718,20170914,lane1_s094_index_CGAAGTAT_GGATATCT_10339_300_S94
59,1033901118,AE1718,20170914,
60,1033901119,AE1718,20170914,
61,1033901120,AE1718,20170914,
62,1033901121,AE1718,20170914,
63,1033901122,AE1718,20170914,
64,1033901123,AE1718,20170914,
65,1033901124,AE1718,20170914,
66,1034401309,AE1805,20180212,lane1_s019_index_CGAGAGTT_TCGACGAG_10344_160_S19
67,1034401310,AE1805,20180212,
68,1034401311,AE1805,20180212,lane1_s020_index_CGAGAGTT_GATCGTGT_10344_200_S20
69,1034401312,AE1805,20180212,
70,1034401313,AE1805,20180212,lane1_s021_index_CGAGAGTT_GTCAGATA_10344_250_S21
71,1034401314,AE1805,20180212,
72,1034401315,AE1805,20180212,lane1_s022_index_GACATAGT_CTACTATA_10344_300_S22
73,1034401316,AE1805,20180212,
74,1034401317,AE1805,20180212,1034401317-AE1805-500_S86_L001_R1_001.fastq.gz
75,1034401318,AE1805,20180212,
76,1034401319,AE1805,20180212,1034401319-AE1805-600_S87_L001_R1_001.fastq.gz
77,1034401320,AE1805,20180212,
78,1034401321,AE1805,20180212,1034401321-AE1805-800_S88_L001_R1_001.fastq.gz
79,1034401322,AE1805,20180212,
80,1034401323,AE1805,20180212,1034401323-AE1805-1000_S89_L001_R1_001.fastq.gz
81,1034401324,AE1805,20180212,
82,1034500201,AE1807,20180314,
83,1034500202,AE1807,20180314,
84,1034500203,AE1807,20180314,
85,1034500204,AE1807,20180314,
86,1034500205,AE1807,20180314,
87,1034500206,AE1807,20180314,
88,1034500207,AE1807,20180314,
89,1034500208,AE1807,20180314,
90,1034500209,AE1807,20180314,
91,1034500210,AE1807,20180314,
92,1034500211,AE1807,20180314,
93,1034500212,AE1807,20180314,
94,1034500213,AE1807,20180314,
95,1034500214,AE1807,20180314,
96,1034500215,AE1807,20180314,
97,1034500216,AE1807,20180314,
98,1034500217,AE1807,20180314,
99,1034500218,AE1807,20180314,
100,1034500219,AE1807,20180314,
101,1034500220,AE1807,20180314,
102,1034500221,AE1807,20180314,
103,1034500222,AE1807,20180314,
104,1034500223,AE1807,20180314,
105,1034500224,AE1807,20180314,
106,1034500401,AE1807,20180315,
107,1034500402,AE1807,20180315,
108,1034500403,AE1807,20180315,
109,1034500404,AE1807,20180315,
110,1034500405,AE1807,20180315,
111,1034500406,AE1807,20180315,
112,1034500407,AE1807,20180315,
113,1034500408,AE1807,20180315,
114,1034500409,AE1807,20180315,
115,1034500410,AE1807,20180315,
116,1034500411,AE1807,20180315,
117,1034500412,AE1807,20180315,
118,1034500413,AE1807,20180315,
119,1034500414,AE1807,20180315,
120,1034500415,AE1807,20180315,
121,1034500416,AE1807,20180315,
122,1034500501,AE1807,20180315,
123,1034500502,AE1807,20180315,
124,1034500503,AE1807,20180315,
125,1034500504,AE1807,20180315,
126,1034500505,AE1807,20180315,
127,1034500506,AE1807,20180315,
128,1034500507,AE1807,20180315,
129,1034500508,AE1807,20180315,
130,1034500509,AE1807,20180315,
131,1034500510,AE1807,20180315,
132,1034500511,AE1807,20180315,
133,1034500512,AE1807,20180315,
134,1034500513,AE1807,20180315,
135,1034500514,AE1807,20180315,
136,1034500515,AE1807,20180315,
137,1034500516,AE1807,20180315,
138,1034500517,AE1807,20180315,
139,1034500518,AE1807,20180315,
140,1034500519,AE1807,20180315,
141,1034500520,AE1807,20180315,
142,1034500521,AE1807,20180315,
143,1034500522,AE1807,20180315,
144,1034500523,AE1807,20180315,
145,1034500524,AE1807,20180315,
146,1034600101,AE1810,20180412,
147,1034600102,AE1810,20180412,
148,1034600103,AE1810,20180412,
149,1034600104,AE1810,20180412,
150,1034600105,AE1810,20180412,
151,1034600106,AE1810,20180412,
152,1034600107,AE1810,20180412,
153,1034600108,AE1810,20180412,
154,1034600109,AE1810,20180412,
155,1034600110,AE1810,20180412,
156,1034600111,AE1810,20180412,
157,1034600112,AE1810,20180412,
158,1034600113,AE1810,20180412,
159,1034600114,AE1810,20180412,
160,1034600115,AE1810,20180412,
161,1034600116,AE1810,20180412,
162,1034600117,AE1810,20180412,
163,1034600118,AE1810,20180412,
164,1034600119,AE1810,20180412,
165,1034600120,AE1810,20180412,
166,1034600121,AE1810,20180412,
167,1034600122,AE1810,20180412,
168,1034600123,AE1810,20180412,
169,1034600124,AE1810,20180412,
170,1034600301,AE1810,20180413,
171,1034600302,AE1810,20180413,
172,1034600303,AE1810,20180413,
173,1034600304,AE1810,20180413,
174,1034600305,AE1810,20180413,
175,1034600306,AE1810,20180413,
176,1034600307,AE1810,20180413,
177,1034600308,AE1810,20180413,
178,1034600309,AE1810,20180413,
179,1034600310,AE1810,20180413,
180,1034600311,AE1810,20180413,
181,1034600312,AE1810,20180413,
182,1034600313,AE1810,20180413,
183,1034600314,AE1810,20180413,
184,1034600315,AE1810,20180413,
185,1034600316,AE1810,20180413,
186,1034600317,AE1810,20180413,
187,1034600318,AE1810,20180413,
188,1034600319,AE1810,20180413,
189,1034600320,AE1810,20180413,
190,1034600321,AE1810,20180413,
191,1034600322,AE1810,20180413,
192,1034600323,AE1810,20180413,
193,1034600324,AE1810,20180413,
194,1034600501,AE1810,20180414,
195,1034600502,AE1810,20180414,
196,1034600503,AE1810,20180414,
197,1034600504,AE1810,20180414,
198,1034600505,AE1810,20180414,
199,1034600506,AE1810,20180414,
200,1034600507,AE1810,20180414,
201,1034600508,AE1810,20180414,
202,1034600509,AE1810,20180414,
203,1034600510,AE1810,20180414,
204,1034600511,AE1810,20180414,
205,1034600512,AE1810,20180414,
206,1034600513,AE1810,20180414,
207,1034600514,AE1810,20180414,
208,1034600515,AE1810,20180414,
209,1034600516,AE1810,20180414,
210,1034600601,AE1810,20180414,
211,1034600602,AE1810,20180414,
212,1034600603,AE1810,20180414,
213,1034600604,AE1810,20180414,
214,1034600605,AE1810,20180414,
215,1034600606,AE1810,20180414,
216,1034600607,AE1810,20180414,
217,1034600608,AE1810,20180414,
218,1034600609,AE1810,20180414,
219,1034600610,AE1810,20180414,
220,1034600611,AE1810,20180414,
221,1034600612,AE1810,20180414,
222,1034600613,AE1810,20180414,
223,1034600614,AE1810,20180414,
224,1034600615,AE1810,20180414,
225,1034600616,AE1810,20180414,
226,1034600617,AE1810,20180414,
227,1034600618,AE1810,20180414,
228,1034600619,AE1810,20180414,
229,1034600620,AE1810,20180414,
230,1034600621,AE1810,20180414,
231,1034600622,AE1810,20180414,
232,1034600623,AE1810,20180414,
233,1034600624,AE1810,20180414,
234,1034600701,AE1810,20180414,
235,1034600702,AE1810,20180414,
236,1034600703,AE1810,20180414,
237,1034600704,AE1810,20180414,
238,1034600705,AE1810,20180414,
239,1034600706,AE1810,20180414,
240,1034600707,AE1810,20180414,
241,1034600708,AE1810,20180414,
242,1034600709,AE1810,20180414,
243,1034600710,AE1810,-999,
244,1034600711,AE1810,-999,
245,1034600712,AE1810,-999,
246,1034600713,AE1810,-999,
247,1034600714,AE1810,-999,
248,1034600715,AE1810,-999,
249,1034600716,AE1810,-999,
250,1034600717,AE1810,-999,
251,1034600718,AE1810,-999,
252,1034600719,AE1810,-999,
253,1034600720,AE1810,-999,
254,1034600721,AE1810,-999,
255,1034600722,AE1810,-999,
256,1034600723,AE1810,-999,
257,1034600724,AE1810,-999,
258,1034601201,AE1810,20180416,1034601201-AE1810-1_S118_L001_R1_001.fastq.gz
259,1034601202,AE1810,20180416,
260,1034601203,AE1810,20180416,lane1_s029_index_GACATAGT_GTCAGATA_10346_40_S29
261,1034601204,AE1810,20180416,
262,1034601205,AE1810,20180416,lane1_s030_index_ACGCTACT_CTACTATA_10346_80_S30
263,1034601206,AE1810,20180416,
264,1034601207,AE1810,20180416,lane1_s031_index_ACGCTACT_CGTTACTA_10346_120_S31
265,1034601208,AE1810,20180416,
266,1034601209,AE1810,20180416,lane1_s114_index_GTAACGAG_CGTGAGTG_10346_160_S114
267,1034601210,AE1810,20180416,
268,1034601211,AE1810,20180416,lane1_s115_index_GTAACGAG_GGATATCT_10346_200_S115
269,1034601212,AE1810,20180416,
270,1034601213,AE1810,20180416,lane1_s116_index_GTAACGAG_GACACCGT_10346_250_S116
271,1034601214,AE1810,20180416,
272,1034601215,AE1810,20180416,lane1_s117_index_ACGTGCGC_ATCGTACG_10346_300_S117
273,1034601216,AE1810,20180416,
274,1034601217,AE1810,20180416,1034601217-AE1810-500_S126_L001_R1_001.fastq.gz
275,1034601218,AE1810,20180416,
276,1034601219,AE1810,20180416,1034601219-AE1810-600_S127_L001_R1_001.fastq.gz
277,1034601220,AE1810,20180416,
278,1034601221,AE1810,20180416,1034601221-AE1810-800_S128_L001_R1_001.fastq.gz
279,1034601222,AE1810,20180416,
280,1034601223,AE1810,20180416,1034601223-AE1810-1000_S129_L001_R1_001.fastq.gz
281,1034601224,AE1810,20180416,
282,1034700801,AE1814,20180523,
283,1034700802,AE1814,20180523,
284,1034700803,AE1814,20180523,
285,1034700804,AE1814,20180523,
286,1034700805,AE1814,20180523,
287,1034700806,AE1814,20180523,
288,1034700807,AE1814,20180523,
289,1034700808,AE1814,20180523,
290,1034700809,AE1814,20180523,
291,1034700810,AE1814,20180523,
292,1034700811,AE1814,20180523,
293,1034700812,AE1814,20180523,
294,1034700813,AE1814,20180523,
295,1034700814,AE1814,20180523,
296,1034700815,AE1814,20180523,
297,1034700901,AE1814,20180523,
298,1034700902,AE1814,20180523,
299,1034700903,AE1814,20180523,
300,1034700904,AE1814,20180523,
301,1034700905,AE1814,20180523,
302,1034700906,AE1814,20180523,
303,1034700907,AE1814,20180523,
304,1034700908,AE1814,20180523,
305,1034700909,AE1814,20180523,
306,1034700910,AE1814,20180523,
307,1034700911,AE1814,20180523,
308,1034700912,AE1814,20180523,
309,1034700913,AE1814,20180523,
310,1034700914,AE1814,20180523,
311,1034700915,AE1814,20180523,
312,1034700916,AE1814,20180523,
313,1034700917,AE1814,20180523,
314,1034700918,AE1814,20180523,
315,1034700919,AE1814,20180523,
316,1034700920,AE1814,20180523,
317,1034700921,AE1814,20180523,
318,1034700922,AE1814,20180523,
319,1034700923,AE1814,20180523,
320,1034700924,AE1814,20180523,
321,1034701001,AE1814,20180524,
322,1034701002,AE1814,20180524,
323,1034701003,AE1814,20180524,
324,1034701004,AE1814,20180524,
325,1034701005,AE1814,20180524,
326,1034701006,AE1814,20180524,
327,1034701007,AE1814,20180524,
328,1034701008,AE1814,20180524,
329,1034701009,AE1814,20180524,
330,1034701010,AE1814,20180524,
331,1034701011,AE1814,20180524,
332,1034701012,AE1814,20180524,
333,1034701013,AE1814,20180524,
334,1034701014,AE1814,20180524,
335,1034701015,AE1814,20180524,
336,1034701016,AE1814,20180524,
337,1034701201,AE1814,20180524,
338,1034701202,AE1814,20180524,
339,1034701203,AE1814,20180524,
340,1034701204,AE1814,20180524,
341,1034701205,AE1814,20180524,
342,1034701206,AE1814,20180524,
343,1034701207,AE1814,20180524,
344,1034701208,AE1814,20180524,
345,1034701209,AE1814,20180524,
346,1034701210,AE1814,20180524,
347,1034701211,AE1814,20180524,
348,1034701212,AE1814,20180524,
349,1034701213,AE1814,20180524,
350,1034701214,AE1814,20180524,
351,1034701215,AE1814,20180524,
352,1034701216,AE1814,20180524,
353,1034701217,AE1814,20180524,
354,1034701218,AE1814,20180524,
355,1034701219,AE1814,20180524,
356,1034701220,AE1814,20180524,
357,1034701221,AE1814,20180524,
358,1034701222,AE1814,20180524,
359,1034701223,AE1814,20180524,
360,1034701224,AE1814,20180524,
361,1034701301,AE1814,-999,
362,1034701302,AE1814,-999,
363,1034701303,AE1814,-999,
364,1034701304,AE1814,-999,
365,1034701305,AE1814,-999,
366,1034701306,AE1814,-999,
367,1034701307,AE1814,-999,
368,1034701308,AE1814,-999,
369,1034701309,AE1814,-999,
370,1034701310,AE1814,-999,
371,1034701311,AE1814,-999,
372,1034701312,AE1814,-999,
373,1034701313,AE1814,-999,
374,1034701314,AE1814,-999,
375,1034701315,AE1814,-999,
376,1034701316,AE1814,20180524,
377,1034701317,AE1814,20180524,
378,1034701318,AE1814,20180524,
379,1034701319,AE1814,20180524,
380,1034701320,AE1814,20180524,
381,1034701321,AE1814,20180524,
382,1034701322,AE1814,20180524,
383,1034701323,AE1814,20180524,
384,1034701324,AE1814,20180524,
385,1034701601,AE1814,20180525,1034701601-AE1814-1_S59_L001_R1_001.fastq.gz
386,1034701602,AE1814,20180525,
387,1034701603,AE1814,20180525,1034701603-AE1814-40_S60_L001_R1_001.fastq.gz
388,1034701604,AE1814,20180525,
389,1034701605,AE1814,20180525,1034701605-AE1814-80_S61_L001_R1_001.fastq.gz
390,1034701606,AE1814,20180525,
391,1034701607,AE1814,20180525,lane1_s008_index_ATAGTACC_TCATCGAG_10347_120_S8
392,1034701608,AE1814,20180525,
393,1034701609,AE1814,20180525,lane1_s036_index_ACGCTACT_GATCGTGT_10347_160_S36
394,1034701610,AE1814,20180525,
395,1034701611,AE1814,20180525,lane1_s037_index_ACGCTACT_GTCAGATA_10347_200_S37
396,1034701612,AE1814,20180525,
397,1034701613,AE1814,20180525,lane1_s038_index_ACTCACTG_CTACTATA_10347_250_S38
398,1034701614,AE1814,20180525,
399,1034701615,AE1814,20180525,lane1_s039_index_ACTCACTG_CGTTACTA_10347_300_S39
400,1034701616,AE1814,20180525,
401,1034701617,AE1814,20180525,1034701617-AE1814-500_S67_L001_R1_001.fastq.gz
402,1034701618,AE1814,20180525,
403,1034701619,AE1814,20180525,1034701619-AE1814-600_S68_L001_R1_001.fastq.gz
404,1034701620,AE1814,20180525,
405,1034701621,AE1814,20180525,1034701621-AE1814-800_S69_L001_R1_001.fastq
406,1034701622,AE1814,20180525,
407,1034701623,AE1814,20180525,1034701623-AE1814-1000_S70_L001_R1_001.fastq.gz
408,1034701624,AE1814,20180525,
409,1034800601,AE1817,20180612,
410,1034800602,AE1817,20180612,
411,1034800603,AE1817,20180612,
412,1034800604,AE1817,20180612,
413,1034800605,AE1817,20180612,
414,1034800606,AE1817,20180612,
415,1034800607,AE1817,20180612,
416,1034800608,AE1817,20180612,
417,1034800609,AE1817,20180612,
418,1034800610,AE1817,20180612,
419,1034800611,AE1817,20180612,
420,1034800612,AE1817,20180612,
421,1034800613,AE1817,20180612,
422,1034800614,AE1817,20180612,
423,1034800615,AE1817,20180612,
424,1034800801,AE1817,20180613,
425,1034800802,AE1817,20180613,
426,1034800803,AE1817,20180613,
427,1034800804,AE1817,20180613,
428,1034800805,AE1817,20180613,
429,1034800806,AE1817,20180613,
430,1034800807,AE1817,20180613,
431,1034800808,AE1817,20180613,
432,1034800809,AE1817,20180613,
433,1034800810,AE1817,20180613,
434,1034800811,AE1817,20180613,
435,1034800812,AE1817,20180613,
436,1034800813,AE1817,20180613,
437,1034800814,AE1817,20180613,
438,1034800815,AE1817,20180613,
439,1034800816,AE1817,20180613,
440,1034800817,AE1817,20180613,
441,1034800818,AE1817,20180613,
442,1034800819,AE1817,20180613,
443,1034800820,AE1817,20180613,
444,1034800821,AE1817,20180613,
445,1034800822,AE1817,20180613,
446,1034800823,AE1817,20180613,
447,1034800824,AE1817,20180613,
448,1034800901,AE1817,20180614,1034800901-AE1817-1_S71_L001_R1_001.fastq.gz
449,1034800902,AE1817,20180614,
450,1034800903,AE1817,20180614,1034800903-AE1817-40_S72_L001_R1_001.fastq.gz
451,1034800904,AE1817,20180614,
452,1034800905,AE1817,20180614,1034800905-AE1817-80_S73_L001_R1_001.fastq.gz
453,1034800906,AE1817,20180614,
454,1034800907,AE1817,20180614,lane1_s012_index_GCGTATAC_TCATCGAG_10348_120_S12
455,1034800908,AE1817,20180614,
456,1034800909,AE1817,20180614,lane1_s040_index_ACTCACTG_AGAGTCAC_10348_160_S40
457,1034800910,AE1817,20180614,
458,1034800911,AE1817,20180614,lane1_s103_index_CTGCGTAG_GACACCGT_10348_200_S103
459,1034800912,AE1817,20180614,
460,1034800913,AE1817,20180614,1034800913-AE1817-250_S77_L001_R1_001.fastq.gz
461,1034800914,AE1817,20180614,
462,1034800915,AE1817,20180614,
463,1034800916,AE1817,20180614,1034800916-AE1817-300_S78_L001_R1_001.fastq.gz
464,1034800917,AE1817,20180614,1034800917-AE1817-500_S79_L001_R1_001.fastq.gz
465,1034800918,AE1817,20180614,
466,1034800919,AE1817,20180614,1034800919-AE1817-600_S80_L001_R1_001.fastq.gz
467,1034800920,AE1817,20180614,
468,1034800921,AE1817,20180614,1034800921-AE1817-800_S81_L001_R1_001.fastq.gz
469,1034800922,AE1817,20180614,
470,1034800923,AE1817,20180614,1034800923-AE1817-1000_S82_L001_R1_001.fastq.gz
471,1034800924,AE1817,20180614,
472,1034801201,AE1817,20180615,
473,1034801202,AE1817,20180615,
474,1034801203,AE1817,20180615,
475,1034801204,AE1817,20180615,
476,1034801205,AE1817,20180615,
477,1034801206,AE1817,20180615,
478,1034801207,AE1817,20180615,
479,1034801208,AE1817,20180615,
480,1034801209,AE1817,20180615,
481,1034801210,AE1817,20180615,
482,1034801211,AE1817,20180615,
483,1034801212,AE1817,20180615,
484,1034801213,AE1817,20180615,
485,1034801214,AE1817,20180615,
486,1034801215,AE1817,20180615,
487,1034801216,AE1817,20180615,
488,1034801301,AE1817,20180615,
489,1034801302,AE1817,20180615,
490,1034801303,AE1817,20180615,
491,1034801304,AE1817,20180615,
492,1034801305,AE1817,20180615,
493,1034801306,AE1817,20180615,
494,1034801307,AE1817,20180615,
495,1034801308,AE1817,20180615,
496,1034801309,AE1817,20180615,
497,1034801310,AE1817,20180615,
498,1034801311,AE1817,20180615,
499,1034801312,AE1817,20180615,
500,1034801313,AE1817,20180615,
501,1034801314,AE1817,20180615,
502,1034801315,AE1817,20180615,
503,1034801316,AE1817,20180615,
504,1034801317,AE1817,20180615,
505,1034801318,AE1817,20180615,
506,1034801319,AE1817,20180615,
507,1034801320,AE1817,20180615,
508,1034801321,AE1817,20180615,
509,1034801322,AE1817,20180615,
510,1034801323,AE1817,20180615,
511,1034801324,AE1817,20180615,
512,1034801401,AE1817,20180615,
513,1034801402,AE1817,20180615,
514,1034801403,AE1817,20180615,
515,1034801404,AE1817,20180615,
516,1034801405,AE1817,20180615,
517,1034801406,AE1817,20180615,
518,1034801407,AE1817,20180615,
519,1034801408,AE1817,20180615,
520,1034801409,AE1817,20180615,
521,1034801410,AE1817,20180615,
522,1034801411,AE1817,20180615,
523,1034801412,AE1817,20180615,
524,1034801413,AE1817,20180615,
525,1034801414,AE1817,20180615,
526,1034801415,AE1817,20180615,
527,1034801416,AE1817,20180615,
528,1034801417,AE1817,20180615,
529,1034801418,AE1817,20180615,
530,1034801419,AE1817,20180615,
531,1034801420,AE1817,20180615,
532,1034801421,AE1817,20180615,
533,1034801422,AE1817,20180615,
534,1034801423,AE1817,20180615,
535,1034801424,AE1817,20180615,
536,1034900401,AE1820,20180718,
537,1034900402,AE1820,20180718,
538,1034900403,AE1820,20180718,
539,1034900404,AE1820,20180718,
540,1034900405,AE1820,20180718,
541,1034900406,AE1820,20180718,
542,1034900407,AE1820,20180718,
543,1034900408,AE1820,20180718,
544,1034900409,AE1820,20180718,
545,1034900410,AE1820,20180718,
546,1034900411,AE1820,20180718,
547,1034900412,AE1820,20180718,
548,1034900413,AE1820,20180718,
549,1034900414,AE1820,20180718,
550,1034900415,AE1820,20180718,
551,1034900416,AE1820,20180718,
552,1034900417,AE1820,20180718,
553,1034900418,AE1820,20180718,
554,1034900419,AE1820,20180718,
555,1034900420,AE1820,20180718,
556,1034900421,AE1820,20180718,
557,1034900422,AE1820,20180718,
558,1034900423,AE1820,20180718,
559,1034900424,AE1820,20180718,
560,1034901401,AE1820,20180720,
561,1034901402,AE1820,20180720,
562,1034901403,AE1820,20180720,
563,1034901404,AE1820,20180720,
564,1034901405,AE1820,20180720,
565,1034901406,AE1820,20180720,
566,1034901407,AE1820,20180720,
567,1034901408,AE1820,20180720,
568,1034901409,AE1820,20180720,
569,1034901410,AE1820,20180720,
570,1034901411,AE1820,20180720,
571,1034901412,AE1820,20180720,
572,1034901413,AE1820,20180720,
573,1034901414,AE1820,20180720,
574,1034901415,AE1820,20180720,
575,1034901601,AE1820,20180721,
576,1034901602,AE1820,20180721,
577,1034901603,AE1820,20180721,
578,1034901604,AE1820,20180721,
579,1034901605,AE1820,20180721,
580,1034901606,AE1820,20180721,
581,1034901607,AE1820,20180721,
582,1034901608,AE1820,20180721,
583,1034901609,AE1820,20180721,
584,1034901610,AE1820,20180721,
585,1034901611,AE1820,20180721,
586,1034901612,AE1820,20180721,
587,1034901613,AE1820,20180721,
588,1034901614,AE1820,20180721,
589,1034901615,AE1820,20180721,
590,1034901616,AE1820,20180721,
591,1034901701,AE1820,20180721,
592,1034901702,AE1820,20180721,
593,1034901703,AE1820,20180721,
594,1034901704,AE1820,20180721,
595,1034901705,AE1820,20180721,
596,1034901706,AE1820,20180721,
597,1034901707,AE1820,20180721,
598,1034901708,AE1820,20180721,
599,1034901709,AE1820,20180721,
600,1034901710,AE1820,20180721,
601,1034901711,AE1820,20180721,
602,1034901712,AE1820,20180721,
603,1034901713,AE1820,20180721,
604,1034901714,AE1820,20180721,
605,1034901715,AE1820,20180721,
606,1034901716,AE1820,20180721,
607,1034901717,AE1820,20180721,
608,1034901718,AE1820,20180721,
609,1034901719,AE1820,20180721,
610,1034901720,AE1820,20180721,
611,1034901721,AE1820,20180721,
612,1034901722,AE1820,20180721,
613,1034901723,AE1820,20180721,
614,1034901724,AE1820,20180721,
615,1034901801,AE1820,20180721,
616,1034901802,AE1820,20180721,
617,1034901803,AE1820,20180721,
618,1034901804,AE1820,20180721,
619,1034901805,AE1820,20180721,
620,1034901806,AE1820,20180721,
621,1034901807,AE1820,20180721,
622,1034901808,AE1820,20180721,
623,1034901809,AE1820,20180721,
624,1034901810,AE1820,-999,
625,1034901811,AE1820,-999,
626,1034901812,AE1820,-999,
627,1034901813,AE1820,-999,
628,1034901814,AE1820,-999,
629,1034901815,AE1820,-999,
630,1034901816,AE1820,-999,
631,1034901817,AE1820,-999,
632,1034901818,AE1820,-999,
633,1034901819,AE1820,-999,
634,1034901820,AE1820,-999,
635,1034901821,AE1820,-999,
636,9161401408,AE1614,20160711,
637,9161401409,AE1614,20160711,
638,9161401501,AE1614,20160711,
639,9161401510,AE1614,20160711,
640,9161401511,AE1614,20160711,
641,9161401512,AE1614,20160711,
642,9161401513,AE1614,20160711,
643,9161401514,AE1614,20160711,
644,1034902006,AE1820,20180722,
645,1034902007,AE1820,20180722,lane1_s046_index_TGAGTACG_CGTTACTA_10349_120_S46
646,1034902008,AE1820,20180722,
647,1034902009,AE1820,20180722,lane1_s104_index_TAGTCTCC_ATCGTACG_10349_160_S104
648,1034902010,AE1820,20180722,
649,1034902011,AE1820,20180722,1034902011-AE1820-200_S28_L001_R1_001.fastq.gz
650,1034902012,AE1820,20180722,
651,1034902013,AE1820,20180722,lane1_s048_index_TGAGTACG_ACGTCTCG_10349_250_S48
652,1034902014,AE1820,20180722,
653,1034902015,AE1820,20180722,lane1_s105_index_TAGTCTCC_ACTATCTG_10349_300_S105
654,1034902016,AE1820,20180722,
655,1034902017,AE1820,20180722,1034902017-AE1820-500_S31_L001_R1_001.fastq.gz
656,1034902018,AE1820,20180722,
657,1034902019,AE1820,20180722,1034902019-AE1820-600_S32_L001_R1_001.fastq.gz
658,1034902020,AE1820,20180722,
659,1034902021,AE1820,20180722,1034902021-AE1820-800_S33_L001_R1_001.fastq.gz
660,1034902022,AE1820,20180722,
661,1034902023,AE1820,20180722,1034902023-AE1820-1000_S34_L001_R1_001.fastq.gz
662,1034902024,AE1820,20180722,
663,1034902601,AE1820,20180723,
664,1034902602,AE1820,-999,
665,1034902603,AE1820,-999,
666,1034902604,AE1820,-999,
667,1034902605,AE1820,-999,
668,1034902606,AE1820,-999,
669,1034902607,AE1820,-999,
670,1034902608,AE1820,-999,
671,1034902609,AE1820,-999,
672,1034902610,AE1820,-999,
673,1034902611,AE1820,-999,
674,1034902612,AE1820,-999,
675,1034902613,AE1820,-999,
676,1034902614,AE1820,-999,
677,1034902615,AE1820,-999,
678,1034902616,AE1820,-999,
679,1034902617,AE1820,-999,
680,1034902618,AE1820,-999,
681,1034902619,AE1820,-999,
682,1034902620,AE1820,-999,
683,1034902621,AE1820,-999,
684,1034902622,AE1820,-999,
685,1034902623,AE1820,-999,
686,1034902624,AE1820,-999,
687,1035000801,AE1822,20180813,
688,1035000802,AE1822,20180813,
689,1035000803,AE1822,20180813,
690,1035000804,AE1822,20180813,
691,1035000805,AE1822,20180813,
692,1035000806,AE1822,20180813,
693,1035000807,AE1822,20180813,
694,1035000808,AE1822,20180813,
695,1035000809,AE1822,20180813,
696,1035000810,AE1822,20180813,
697,1035000811,AE1822,20180813,
698,1035000812,AE1822,20180813,
699,1035000813,AE1822,20180813,
700,1035000814,AE1822,20180813,
701,1035000815,AE1822,20180813,
702,1035000901,AE1822,20180813,
703,1035000902,AE1822,20180813,
704,1035000903,AE1822,20180813,
705,1035000904,AE1822,20180813,
706,1035000905,AE1822,20180813,
707,1035000906,AE1822,20180813,
708,1035000907,AE1822,20180813,
709,1035000908,AE1822,20180813,
710,1035000909,AE1822,20180813,
711,1035000910,AE1822,20180813,
712,1035000911,AE1822,20180813,
713,1035000912,AE1822,20180813,
714,1035000913,AE1822,20180813,
715,1035000914,AE1822,20180813,
716,1035000915,AE1822,20180813,
717,1035000916,AE1822,20180813,
718,1035000917,AE1822,20180813,
719,1035000918,AE1822,20180813,
720,1035000919,AE1822,20180813,
721,1035000920,AE1822,20180813,
722,1035000921,AE1822,20180813,
723,1035000922,AE1822,20180813,
724,1035000923,AE1822,20180813,
725,1035000924,AE1822,20180813,
726,1035001001,AE1822,20180814,
727,1035001002,AE1822,20180814,
728,1035001003,AE1822,20180814,
729,1035001004,AE1822,20180814,
730,1035001005,AE1822,20180814,
731,1035001006,AE1822,20180814,
732,1035001007,AE1822,20180814,
733,1035001008,AE1822,20180814,
734,1035001009,AE1822,20180814,
735,1035001010,AE1822,20180814,
736,1035001011,AE1822,20180814,
737,1035001012,AE1822,20180814,
738,1035001013,AE1822,20180814,
739,1035001014,AE1822,20180814,
740,1035001015,AE1822,20180814,
741,1035001016,AE1822,20180814,
742,1035001201,AE1822,20180814,
743,1035001202,AE1822,20180814,
744,1035001203,AE1822,20180814,
745,1035001204,AE1822,20180814,
746,1035001205,AE1822,20180814,
747,1035001206,AE1822,20180814,
748,1035001207,AE1822,20180814,
749,1035001208,AE1822,20180814,
750,1035001209,AE1822,20180814,
751,1035001210,AE1822,20180814,
752,1035001211,AE1822,20180814,
753,1035001212,AE1822,20180814,
754,1035001213,AE1822,20180814,
755,1035001214,AE1822,20180814,
756,1035001215,AE1822,20180814,
757,1035001216,AE1822,20180814,
758,1035001217,AE1822,20180814,
759,1035001218,AE1822,20180814,
760,1035001219,AE1822,20180814,
761,1035001220,AE1822,20180814,
762,1035001221,AE1822,20180814,
763,1035001222,AE1822,20180814,
764,1035001223,AE1822,20180814,
765,1035001224,AE1822,20180814,
766,1035001301,AE1822,20180814,
767,1035001302,AE1822,20180814,
768,1035001303,AE1822,20180814,
769,1035001304,AE1822,20180814,
770,1035001305,AE1822,20180814,
771,1035001306,AE1822,20180814,
772,1035001307,AE1822,20180814,
773,1035001308,AE1822,20180814,
774,1035001309,AE1822,20180814,
775,1035001310,AE1822,-999,
776,1035001311,AE1822,-999,
777,1035001312,AE1822,-999,
778,1035001313,AE1822,-999,
779,1035001314,AE1822,-999,
780,1035001315,AE1822,-999,
781,1035001316,AE1822,-999,
782,1035001317,AE1822,-999,
783,1035001318,AE1822,-999,
784,1035001319,AE1822,-999,
785,1035001320,AE1822,-999,
786,1035001321,AE1822,-999,
787,1035001322,AE1822,-999,
788,1035001323,AE1822,-999,
789,1035001324,AE1822,-999,
790,1035001601,AE1822,20180815,1035001601-AE1822-1_S35_L001_R1_001.fastq.gz
791,1035001602,AE1822,20180815,
792,1035001603,AE1822,20180815,1035001603-AE1822-40_S36_L001_R1_001.fastq.gz
793,1035001604,AE1822,20180815,
794,1035001605,AE1822,20180815,lane1_s049_index_CTGCGTAG_CTACTATA_10350_80_S49
795,1035001606,AE1822,20180815,
796,1035001607,AE1822,20180815,lane1_s050_index_CTGCGTAG_CGTTACTA_10350_120_S50
797,1035001608,AE1822,20180815,
798,1035001609,AE1822,20180815,lane1_s051_index_CTGCGTAG_AGAGTCAC_10350_160_S51
799,1035001610,AE1822,20180815,
800,1035001611,AE1822,20180815,lane1_s052_index_CTGCGTAG_TACGAGAC_10350_200_S52
801,1035001612,AE1822,20180815,
802,1035001613,AE1822,20180815,lane1_s053_index_CTGCGTAG_ACGTCTCG_10350_250_S53
803,1035001614,AE1822,20180815,
804,1035001615,AE1822,20180815,lane1_s054_index_CTGCGTAG_TCGACGAG_10350_300_S54
805,1035001616,AE1822,20180815,
806,1035001617,AE1822,20180815,1035001617-AE1822-500_S43_L001_R1_001.fastq.gz
807,1035001618,AE1822,20180815,
808,1035001619,AE1822,20180815,1035001619-AE1822-600_S44_L001_R1_001.fastq.gz
809,1035001620,AE1822,20180815,
810,1035001621,AE1822,20180815,1035001621-AE1822-800_S45_L001_R1_001.fastq.gz
811,1035001622,AE1822,20180815,
812,1035001623,AE1822,20180815,1035001623-AE1822-1000_S46_L001_R1_001.fastq.gz
813,1035001624,AE1822,20180815,
814,1035100801,AE1825,20180911,
815,1035100802,AE1825,20180911,
816,1035100803,AE1825,20180911,
817,1035100804,AE1825,20180911,
818,1035100805,AE1825,20180911,
819,1035100806,AE1825,20180911,
820,1035100807,AE1825,20180911,
821,1035100808,AE1825,20180911,
822,1035100809,AE1825,20180911,
823,1035100810,AE1825,20180911,
824,1035100811,AE1825,20180911,
825,1035100812,AE1825,20180911,
826,1035100813,AE1825,20180911,
827,1035100814,AE1825,20180911,
828,1035100815,AE1825,20180911,
829,1035100816,AE1825,20180911,
830,1035100817,AE1825,20180911,
831,1035100818,AE1825,20180911,
832,1035100819,AE1825,20180911,
833,1035100820,AE1825,20180911,
834,1035100821,AE1825,20180911,
835,1035100822,AE1825,20180911,
836,1035100823,AE1825,20180911,
837,1035100824,AE1825,20180911,
838,1035101001,AE1825,20180911,
839,1035101002,AE1825,20180911,
840,1035101003,AE1825,20180911,
841,1035101004,AE1825,20180911,
842,1035101005,AE1825,20180911,
843,1035101006,AE1825,20180911,
844,1035101007,AE1825,20180911,
845,1035101008,AE1825,20180911,
846,1035101009,AE1825,20180911,
847,1035101010,AE1825,20180911,
848,1035101011,AE1825,20180911,
849,1035101012,AE1825,20180911,
850,1035101013,AE1825,20180911,
851,1035101014,AE1825,20180911,
852,1035101015,AE1825,20180911,
853,1035101016,AE1825,20180911,
854,1035101017,AE1825,20180911,
855,1035101018,AE1825,20180911,
856,1035101019,AE1825,20180911,
857,1035101020,AE1825,20180911,
858,1035101021,AE1825,20180911,
859,1035101022,AE1825,20180911,
860,1035101023,AE1825,20180911,
861,1035101024,AE1825,20180911,
862,1035101101,AE1825,20180912,
863,1035101102,AE1825,20180912,
864,1035101103,AE1825,20180912,
865,1035101104,AE1825,20180912,
866,1035101105,AE1825,20180912,
867,1035101106,AE1825,20180912,
868,1035101107,AE1825,20180912,
869,1035101108,AE1825,20180912,
870,1035101109,AE1825,20180912,
871,1035101110,AE1825,20180912,
872,1035101111,AE1825,20180912,
873,1035101112,AE1825,20180912,
874,1035101113,AE1825,20180912,
875,1035101114,AE1825,20180912,
876,1035101115,AE1825,20180912,
877,1035101116,AE1825,20180912,
878,1035101201,AE1825,20180912,
879,1035101202,AE1825,20180912,
880,1035101203,AE1825,20180912,
881,1035101204,AE1825,20180912,
882,1035101205,AE1825,20180912,
883,1035101206,AE1825,20180912,
884,1035101207,AE1825,20180912,
885,1035101208,AE1825,20180912,
886,1035101209,AE1825,20180912,
887,1035101210,AE1825,20180912,
888,1035101211,AE1825,20180912,
889,1035101212,AE1825,20180912,
890,1035101213,AE1825,20180912,
891,1035101214,AE1825,20180912,
892,1035101215,AE1825,20180912,
893,1035101216,AE1825,20180912,
894,1035101217,AE1825,20180912,
895,1035101218,AE1825,20180912,
896,1035101219,AE1825,20180912,
897,1035101220,AE1825,20180912,
898,1035101221,AE1825,20180912,
899,1035101222,AE1825,20180912,
900,1035101223,AE1825,20180912,
901,1035101224,AE1825,20180912,
902,1035101301,AE1825,20180912,
903,1035101302,AE1825,20180912,
904,1035101303,AE1825,20180912,
905,1035101304,AE1825,20180912,
906,1035101305,AE1825,20180912,
907,1035101306,AE1825,20180912,
908,1035101307,AE1825,20180912,
909,1035101308,AE1825,20180912,
910,1035101309,AE1825,20180912,
911,1035101310,AE1825,-999,
912,1035101311,AE1825,-999,
913,1035101312,AE1825,-999,
914,1035101313,AE1825,-999,
915,1035101314,AE1825,-999,
916,1035101315,AE1825,-999,
917,1035101316,AE1825,-999,
918,1035101317,AE1825,-999,
919,1035101318,AE1825,-999,
920,1035101319,AE1825,-999,
921,1035101320,AE1825,-999,
922,1035101321,AE1825,-999,
923,1035101322,AE1825,-999,
924,1035101323,AE1825,-999,
925,1035101324,AE1825,-999,
926,1035101601,AE1825,20180913,1035101601-AE1825-1_S47_L001_R1_001.fastq
927,1035101602,AE1825,20180913,
928,1035101603,AE1825,20180913,1035101603-AE1825-40_S48_L001_R1_001.fastq
929,1035101604,AE1825,20180913,
930,1035101605,AE1825,20180913,lane1_s057_index_TAGTCTCC_CTACTATA_10351_80_S57
931,1035101606,AE1825,20180913,
932,1035101607,AE1825,20180913,lane1_s058_index_TAGTCTCC_CGTTACTA_10351_120_S58
933,1035101608,AE1825,20180913,
934,1035101609,AE1825,20180913,lane1_s059_index_TAGTCTCC_AGAGTCAC_10351_160_S59
935,1035101610,AE1825,20180913,
936,1035101611,AE1825,20180913,lane1_s060_index_TAGTCTCC_TACGAGAC_10351_200_S60
937,1035101612,AE1825,20180913,
938,1035101613,AE1825,20180913,lane1_s061_index_TAGTCTCC_ACGTCTCG_10351_250_S61
939,1035101614,AE1825,20180913,
940,1035101615,AE1825,20180913,lane1_s062_index_TAGTCTCC_TCGACGAG_10351_300_S62
941,1035101616,AE1825,20180913,
942,1035101617,AE1825,20180913,1035101617-AE1825-500_S3_L001_R1_001.fastq
943,1035101618,AE1825,20180913,
944,1035101619,AE1825,20180913,1035101619-AE1825-600_S4_L001_R1_001.fastq
945,1035101620,AE1825,20180913,
946,1035101621,AE1825,20180913,1035101621-AE1825-800_S5_L001_R1_001.fastq
947,1035101622,AE1825,20180913,
948,1035101623,AE1825,20180913,1035101623-AE1825-1000_S6_L001_R1_001.fastq
949,1035101624,AE1825,20180913,
950,1035200901,AE1829,20181018,
951,1035200902,AE1829,20181018,
952,1035200903,AE1829,20181018,
953,1035200904,AE1829,20181018,
954,1035200905,AE1829,20181018,
955,1035200906,AE1829,20181018,
956,1035200907,AE1829,20181018,
957,1035200908,AE1829,20181018,
958,1035200909,AE1829,20181018,
959,1035200910,AE1829,20181018,
960,1035200911,AE1829,20181018,
961,1035200912,AE1829,20181018,
962,1035200913,AE1829,20181018,
963,1035200914,AE1829,20181018,
964,1035200915,AE1829,20181018,
965,1035200916,AE1829,20181018,
966,1035200917,AE1829,20181018,
967,1035200918,AE1829,20181018,
968,1035200919,AE1829,20181018,
969,1035200920,AE1829,20181018,
970,1035200921,AE1829,20181018,
971,1035200922,AE1829,20181018,
972,1035200923,AE1829,20181018,
973,1035200924,AE1829,20181018,
974,1035201501,AE1829,20181021,
975,1035201502,AE1829,20181021,
976,1035201503,AE1829,20181021,
977,1035201504,AE1829,20181021,
978,1035201505,AE1829,20181021,
979,1035201506,AE1829,20181021,
980,1035201507,AE1829,20181021,
981,1035201508,AE1829,20181021,
982,1035201509,AE1829,20181021,
983,1035201510,AE1829,20181021,
984,1035201511,AE1829,20181021,
985,1035201512,AE1829,20181021,
986,1035201513,AE1829,20181021,
987,1035201514,AE1829,20181021,
988,1035201515,AE1829,20181021,
989,1035201516,AE1829,20181021,
990,1035201701,AE1829,20181021,
991,1035201702,AE1829,20181021,
992,1035201703,AE1829,20181021,
993,1035201704,AE1829,20181021,
994,1035201705,AE1829,20181021,
995,1035201706,AE1829,20181021,
996,1035201707,AE1829,20181021,
997,1035201708,AE1829,20181021,
998,1035201709,AE1829,20181021,
999,1035201710,AE1829,20181021,
1000,1035201711,AE1829,20181021,
1001,1035201712,AE1829,20181021,
1002,1035201713,AE1829,20181021,
1003,1035201714,AE1829,20181021,
1004,1035201715,AE1829,20181021,
1005,1035201716,AE1829,20181021,
1006,1035201717,AE1829,20181021,
1007,1035201718,AE1829,20181021,
1008,1035201719,AE1829,20181021,
1009,1035201720,AE1829,20181021,
1010,1035201721,AE1829,20181021,
1011,1035201722,AE1829,20181021,
1012,1035201723,AE1829,20181021,
1013,1035201724,AE1829,20181021,
1014,1035201801,AE1829,20181021,
1015,1035201802,AE1829,20181021,
1016,1035201803,AE1829,20181021,
1017,1035201804,AE1829,20181021,
1018,1035201805,AE1829,20181021,
1019,1035201806,AE1829,20181021,
1020,1035201807,AE1829,20181021,
1021,1035201808,AE1829,20181021,
1022,1035201809,AE1829,20181021,
1023,1035201810,AE1829,20181021,
1024,1035201811,AE1829,20181021,
1025,1035201812,AE1829,-999,
1026,1035201813,AE1829,-999,
1027,1035201814,AE1829,-999,
1028,1035201815,AE1829,-999,
1029,1035201816,AE1829,-999,
1030,1035201817,AE1829,-999,
1031,1035201818,AE1829,-999,
1032,1035201819,AE1829,-999,
1033,1035201820,AE1829,-999,
1034,1035201821,AE1829,-999,
1035,1035201822,AE1829,-999,
1036,1035201823,AE1829,-999,
1037,1035201824,AE1829,-999,
1038,1035202101,AE1829,20181023,1035202101-AE1829-1_S7_L001_R1_001.fastq
1039,1035202102,AE1829,20181023,
1040,1035202103,AE1829,20181023,
1041,1035202104,AE1829,20181023,1035202104-AE1829-40_S8_L001_R1_001.fastq
1042,1035202105,AE1829,20181023,
1043,1035202106,AE1829,20181023,1035202106-AE1829-80_S9_L001_R1_001.fastq
1044,1035202107,AE1829,20181023,
1045,1035202108,AE1829,20181023,1035202108-AE1829-120_S10_L001_R1_001.fastq
1046,1035202109,AE1829,20181023,
1047,1035202110,AE1829,20181023,1035202110-AE1829-160_S11_L001_R1_001.fastq
1048,1035202111,AE1829,20181023,1035202111-AE1829-200_S12_L001_R1_001.fastq
1049,1035202112,AE1829,20181023,
1050,1035202113,AE1829,20181023,1035202113-AE1829-250_S13_L001_R1_001.fastq
1051,1035202114,AE1829,20181023,
1052,1035202115,AE1829,20181023,1035202115-AE1829-300_S14_L001_R1_001.fastq
1053,1035202116,AE1829,20181023,
1054,1035202117,AE1829,20181023,1035202117-AE1829-500_S15_L001_R1_001.fastq
1055,1035202118,AE1829,20181023,
1056,1035202119,AE1829,20181023,1035202119-AE1829-600_S16_L001_R1_001.fastq
1057,1035202120,AE1829,20181023,
1058,1035202121,AE1829,20181023,1035202121-AE1829-800_S17_L001_R1_001.fastq
1059,1035202122,AE1829,20181023,
1060,1035202123,AE1829,20181023,1035202123-AE1829-1000_S18_L001_R1_001.fastq
1061,1035202124,AE1829,20181023,
1062,1035300901,AE1831,20181106,
1063,1035300902,AE1831,20181106,
1064,1035300903,AE1831,20181106,
1065,1035300904,AE1831,20181106,
1066,1035300905,AE1831,20181106,
1067,1035300906,AE1831,20181106,
1068,1035300907,AE1831,20181106,
1069,1035300908,AE1831,20181106,
1070,1035300909,AE1831,20181106,
1071,1035300910,AE1831,20181106,
1072,1035300911,AE1831,20181106,
1073,1035300912,AE1831,20181106,
1074,1035300913,AE1831,20181106,
1075,1035300914,AE1831,20181106,
1076,1035300915,AE1831,20181106,
1077,1035300916,AE1831,20181106,
1078,1035300917,AE1831,20181106,
1079,1035300918,AE1831,20181106,
1080,1035300919,AE1831,20181106,
1081,1035300920,AE1831,20181106,
1082,1035300921,AE1831,20181106,
1083,1035300922,AE1831,20181106,
1084,1035300923,AE1831,20181106,
1085,1035300924,AE1831,20181106,
1086,1035301101,AE1831,20181107,
1087,1035301102,AE1831,20181107,
1088,1035301103,AE1831,20181107,
1089,1035301104,AE1831,20181107,
1090,1035301105,AE1831,20181107,
1091,1035301106,AE1831,20181107,
1092,1035301107,AE1831,20181107,
1093,1035301108,AE1831,20181107,
1094,1035301109,AE1831,20181107,
1095,1035301110,AE1831,20181107,
1096,1035301111,AE1831,20181107,
1097,1035301112,AE1831,20181107,
1098,1035301113,AE1831,20181107,
1099,1035301114,AE1831,20181107,
1100,1035301115,AE1831,20181107,
1101,1035301116,AE1831,20181107,
1102,1035301117,AE1831,20181107,
1103,1035301201,AE1831,20181107,
1104,1035301202,AE1831,20181107,
1105,1035301203,AE1831,20181107,
1106,1035301204,AE1831,20181107,
1107,1035301205,AE1831,20181107,
1108,1035301206,AE1831,20181107,
1109,1035301207,AE1831,20181107,
1110,1035301208,AE1831,20181107,
1111,1035301209,AE1831,20181107,
1112,1035301210,AE1831,20181107,
1113,1035301211,AE1831,20181107,
1114,1035301212,AE1831,20181107,
1115,1035301213,AE1831,20181107,
1116,1035301214,AE1831,20181107,
1117,1035301215,AE1831,20181107,
1118,1035301216,AE1831,20181107,
1119,1035301217,AE1831,20181107,
1120,1035301218,AE1831,20181107,
1121,1035301219,AE1831,20181107,
1122,1035301220,AE1831,20181107,
1123,1035301221,AE1831,20181107,
1124,1035301222,AE1831,20181107,
1125,1035301223,AE1831,20181107,
1126,1035301224,AE1831,20181107,
1127,1035301301,AE1831,20181107,
1128,1035301302,AE1831,20181107,
1129,1035301303,AE1831,20181107,
1130,1035301304,AE1831,20181107,
1131,1035301305,AE1831,20181107,
1132,1035301306,AE1831,20181107,
1133,1035301307,AE1831,20181107,
1134,1035301308,AE1831,20181107,
1135,1035301309,AE1831,20181107,
1136,1035301310,AE1831,-999,
1137,1035301311,AE1831,-999,
1138,1035301312,AE1831,-999,
1139,1035301313,AE1831,-999,
1140,1035301314,AE1831,-999,
1141,1035301315,AE1831,-999,
1142,1035301316,AE1831,-999,
1143,1035301317,AE1831,-999,
1144,1035301318,AE1831,-999,
1145,1035301319,AE1831,-999,
1146,1035301320,AE1831,-999,
1147,1035301321,AE1831,-999,
1148,1035301322,AE1831,-999,
1149,1035301323,AE1831,-999,
1150,1035301324,AE1831,-999,
1151,1035301701,AE1831,20181108,1035301701-AE1831-1_S19_L001_R1_001.fastq
1152,1035301702,AE1831,20181108,
1153,1035301703,AE1831,20181108,
1154,1035301704,AE1831,20181108,1035301704-AE1831-40_S20_L001_R1_001.fastq
1155,1035301705,AE1831,20181108,
1156,1035301706,AE1831,20181108,
1157,1035301707,AE1831,20181108,1035301707-AE1831-80_S21_L001_R1_001.fastq
1158,1035301708,AE1831,20181108,
1159,1035301709,AE1831,20181108,1035301709-AE1831-120_S22_L001_R1_001.fastq
1160,1035301710,AE1831,20181108,
1161,1035301711,AE1831,20181108,
1162,1035301712,AE1831,20181108,
1163,1035301713,AE1831,20181108,1035301713-AE1831-160_S23_L001_R1_001.fastq
1164,1035301714,AE1831,20181108,1035301714-AE1831-200_S24_L001_R1_001.fastq
1165,1035301715,AE1831,20181108,
1166,1035301716,AE1831,20181108,
1167,1035301717,AE1831,20181108,1035301717-AE1831-300_S25_L001_R1_001.fastq
1168,1035301718,AE1831,20181108,
1169,1035301719,AE1831,20181108,
1170,1035301720,AE1831,20181108,
1171,1035301721,AE1831,20181108,1035301721-AE1831-600_S26_L001_R1_001.fastq
1172,1035301722,AE1831,20181108,1035301722-AE1831-800_S27_L001_R1_001.fastq
1173,1035301723,AE1831,20181108,1035301723-AE1831-1000_S28_L001_R1_001.fastq
1174,1035301724,AE1831,20181108,
1175,1035401101,AE1836,20181214,
1176,1035401102,AE1836,20181214,
1177,1035401103,AE1836,20181214,
1178,1035401104,AE1836,20181214,
1179,1035401105,AE1836,20181214,
1180,1035401106,AE1836,20181214,
1181,1035401107,AE1836,20181214,
1182,1035401108,AE1836,20181214,
1183,1035401109,AE1836,20181214,
1184,1035401110,AE1836,20181214,
1185,1035401111,AE1836,20181214,
1186,1035401112,AE1836,20181214,
1187,1035401113,AE1836,20181214,
1188,1035401114,AE1836,20181214,
1189,1035401201,AE1836,20181214,
1190,1035401202,AE1836,20181214,
1191,1035401203,AE1836,20181214,
1192,1035401204,AE1836,20181214,
1193,1035401205,AE1836,20181214,
1194,1035401206,AE1836,20181214,
1195,1035401207,AE1836,20181214,
1196,1035401208,AE1836,20181214,
1197,1035401209,AE1836,20181214,
1198,1035401210,AE1836,20181214,
1199,1035401211,AE1836,20181214,
1200,1035401212,AE1836,20181214,
1201,1035401213,AE1836,20181214,
1202,1035401214,AE1836,20181214,
1203,1035401215,AE1836,20181214,
1204,1035401216,AE1836,20181214,
1205,1035401217,AE1836,20181214,
1206,1035401218,AE1836,20181214,
1207,1035401219,AE1836,20181214,
1208,1035401220,AE1836,20181214,
1209,1035401221,AE1836,20181214,
1210,1035401222,AE1836,20181214,
1211,1035401223,AE1836,20181214,
1212,1035401224,AE1836,20181214,
1213,1035401301,AE1836,20181215,
1214,1035401302,AE1836,20181215,
1215,1035401303,AE1836,20181215,
1216,1035401304,AE1836,20181215,
1217,1035401305,AE1836,20181215,
1218,1035401306,AE1836,20181215,
1219,1035401307,AE1836,20181215,
1220,1035401308,AE1836,20181215,
1221,1035401309,AE1836,20181215,
1222,1035401310,AE1836,20181215,
1223,1035401311,AE1836,20181215,
1224,1035401312,AE1836,20181215,
1225,1035401313,AE1836,20181215,
1226,1035401314,AE1836,20181215,
1227,1035401315,AE1836,20181215,
1228,1035401316,AE1836,20181215,
1229,1035401601,AE1836,20181215,
1230,1035401602,AE1836,20181215,
1231,1035401603,AE1836,20181215,
1232,1035401604,AE1836,20181215,
1233,1035401605,AE1836,20181215,
1234,1035401606,AE1836,20181215,
1235,1035401607,AE1836,20181215,
1236,1035401608,AE1836,20181215,
1237,1035401609,AE1836,20181215,
1238,1035401610,AE1836,20181215,
1239,1035401611,AE1836,20181215,
1240,1035401612,AE1836,20181215,
1241,1035401613,AE1836,20181215,
1242,1035401614,AE1836,20181215,
1243,1035401615,AE1836,20181215,
1244,1035401616,AE1836,20181215,
1245,1035401617,AE1836,20181215,
1246,1035401618,AE1836,20181215,
1247,1035401619,AE1836,20181215,
1248,1035401620,AE1836,20181215,
1249,1035401621,AE1836,20181215,
1250,1035401622,AE1836,20181215,
1251,1035401623,AE1836,20181215,
1252,1035401624,AE1836,20181215,
1253,1035401701,AE1836,20181215,
1254,1035401702,AE1836,20181215,
1255,1035401703,AE1836,20181215,
1256,1035401704,AE1836,20181215,
1257,1035401705,AE1836,20181215,
1258,1035401706,AE1836,20181215,
1259,1035401707,AE1836,20181215,
1260,1035401708,AE1836,20181215,
1261,1035401709,AE1836,20181215,
1262,1035401710,AE1836,-999,
1263,1035401711,AE1836,-999,
1264,1035401712,AE1836,-999,
1265,1035401713,AE1836,-999,
1266,1035401714,AE1836,-999,
1267,1035401715,AE1836,-999,
1268,1035401716,AE1836,-999,
1269,1035401717,AE1836,-999,
1270,1035401718,AE1836,-999,
1271,1035401719,AE1836,-999,
1272,1035401720,AE1836,-999,
1273,1035401721,AE1836,-999,
1274,1035401722,AE1836,-999,
1275,1035401723,AE1836,-999,
1276,1035401724,AE1836,-999,
1277,1035402001,AE1836,20181216,1035402001-AE1836-1_S29_L001_R1_001.fastq
1278,1035402002,AE1836,20181216,
1279,1035402003,AE1836,20181216,1035402003-AE1836-40_S30_L001_R1_001.fastq
1280,1035402004,AE1836,20181216,
1281,1035402005,AE1836,20181216,1035402005-AE1836-80_S31_L001_R1_001.fastq
1282,1035402006,AE1836,20181216,
1283,1035402007,AE1836,20181216,1035402007-AE1836-120_S32_L001_R1_001.fastq
1284,1035402008,AE1836,20181216,
1285,1035402009,AE1836,20181216,1035402009-AE1836-160_S33_L001_R1_001.fastq
1286,1035402010,AE1836,20181216,
1287,1035402011,AE1836,20181216,1035402011-AE1836-200_S34_L001_R1_001.fastq
1288,1035402012,AE1836,20181216,
1289,1035402013,AE1836,20181216,1035402013-AE1836-250_S35_L001_R1_001.fastq
1290,1035402014,AE1836,20181216,
1291,1035402015,AE1836,20181216,1035402015-AE1836-300_S36_L001_R1_001.fastq
1292,1035402016,AE1836,20181216,
1293,1035402017,AE1836,20181216,
1294,1035402018,AE1836,20181216,1035402018-AE1836-500_S37_L001_R1_001.fastq
1295,1035402019,AE1836,20181216,1035402019-AE1836-600_S38_L001_R1_001.fastq
1296,1035402020,AE1836,20181216,
1297,1035402021,AE1836,20181216,1035402021-AE1836-800_S39_L001_R1_001.fastq
1298,1035402022,AE1836,20181216,
1299,1035402023,AE1836,20181216,1035402023-AE1836-1000_S40_L001_R1_001.fastq
1300,1035402024,AE1836,20181216,
1301,1035500901,AE1902,20190111,
1302,1035500902,AE1902,20190111,
1303,1035500903,AE1902,20190111,
1304,1035500904,AE1902,20190111,
1305,1035500905,AE1902,20190111,
1306,1035500906,AE1902,20190111,
1307,1035500907,AE1902,20190111,
1308,1035500908,AE1902,20190111,
1309,1035500909,AE1902,20190111,
1310,1035500910,AE1902,20190111,
1311,1035500911,AE1902,20190111,
1312,1035500912,AE1902,20190111,
1313,1035500913,AE1902,20190111,
1314,1035500914,AE1902,20190111,
1315,1035500915,AE1902,20190111,
1316,1035500916,AE1902,20190111,
1317,1035500917,AE1902,20190111,
1318,1035500918,AE1902,20190111,
1319,1035500919,AE1902,20190111,
1320,1035500920,AE1902,20190111,
1321,1035500921,AE1902,20190111,
1322,1035500922,AE1902,20190111,
1323,1035500923,AE1902,20190111,
1324,1035500924,AE1902,20190111,
1325,1035501001,AE1902,20190112,
1326,1035501002,AE1902,20190112,
1327,1035501003,AE1902,20190112,
1328,1035501004,AE1902,20190112,
1329,1035501005,AE1902,20190112,
1330,1035501006,AE1902,20190112,
1331,1035501007,AE1902,20190112,
1332,1035501008,AE1902,20190112,
1333,1035501009,AE1902,20190112,
1334,1035501010,AE1902,20190112,
1335,1035501011,AE1902,20190112,
1336,1035501012,AE1902,20190112,
1337,1035501013,AE1902,20190112,
1338,1035501014,AE1902,20190112,
1339,1035501015,AE1902,20190112,
1340,1035501016,AE1902,20190112,
1341,1035501301,AE1902,20190112,
1342,1035501302,AE1902,20190112,
1343,1035501303,AE1902,20190112,
1344,1035501304,AE1902,20190112,
1345,1035501305,AE1902,20190112,
1346,1035501306,AE1902,20190112,
1347,1035501307,AE1902,20190112,
1348,1035501308,AE1902,20190112,
1349,1035501309,AE1902,20190112,
1350,1035501310,AE1902,20190112,
1351,1035501311,AE1902,20190112,
1352,1035501312,AE1902,20190112,
1353,1035501313,AE1902,20190112,
1354,1035501314,AE1902,20190112,
1355,1035501315,AE1902,20190112,
1356,1035501316,AE1902,20190112,
1357,1035501317,AE1902,20190112,
1358,1035501318,AE1902,20190112,
1359,1035501319,AE1902,20190112,
1360,1035501320,AE1902,20190112,
1361,1035501321,AE1902,20190112,
1362,1035501322,AE1902,20190112,
1363,1035501323,AE1902,20190112,
1364,1035501324,AE1902,20190112,
1365,1035501401,AE1902,20190112,
1366,1035501402,AE1902,20190112,
1367,9161400101,AE1614,20160709,
1368,9161400110,AE1614,20160709,
1369,9161400111,AE1614,20160709,
1370,9161400112,AE1614,20160709,
1371,9161400113,AE1614,20160709,
1372,9161400114,AE1614,20160709,
1373,9161400115,AE1614,20160709,
1374,9161400116,AE1614,20160709,
1375,9161400117,AE1614,20160709,
1376,9161400118,AE1614,20160709,
1377,9161400119,AE1614,20160709,
1378,9161400102,AE1614,20160709,
1379,9161400120,AE1614,20160709,
1380,9161400121,AE1614,20160709,
1381,9161400122,AE1614,20160709,
1382,9161400123,AE1614,20160709,
1383,9161400124,AE1614,20160709,
1384,9161400103,AE1614,20160709,
1385,9161400104,AE1614,20160709,
1386,9161400105,AE1614,20160709,
1387,9161400106,AE1614,20160709,
1388,9161400107,AE1614,20160709,
1389,9161400108,AE1614,20160709,
1390,9161400109,AE1614,20160709,
1391,9161401001,AE1614,20160710,
1392,9161401010,AE1614,20160710,
1393,9161401011,AE1614,20160710,
1394,9161401012,AE1614,20160710,
1395,9161401013,AE1614,20160710,
1396,9161401014,AE1614,20160710,
1397,9161401015,AE1614,20160710,
1398,9161401016,AE1614,20160710,
1399,9161401017,AE1614,20160710,
1400,9161401018,AE1614,20160710,
1401,9161401019,AE1614,20160710,
1402,9161401002,AE1614,20160710,
1403,9161401020,AE1614,20160710,
1404,9161401021,AE1614,20160710,
1405,9161401022,AE1614,20160710,
1406,9161401023,AE1614,20160710,
1407,9161401024,AE1614,20160710,
1408,9161401003,AE1614,20160710,
1409,9161401004,AE1614,20160710,
1410,9161401005,AE1614,20160710,
1411,9161401006,AE1614,20160710,
1412,9161401007,AE1614,20160710,
1413,9161401008,AE1614,20160710,
1414,9161401009,AE1614,20160710,
1415,9161401101,AE1614,20160711,
1416,9161401110,AE1614,20160711,
1417,9161401111,AE1614,20160711,
1418,9161401112,AE1614,20160711,
1419,9161401113,AE1614,20160711,
1420,9161401114,AE1614,20160711,
1421,9161401115,AE1614,20160711,
1422,9161401116,AE1614,20160711,
1423,9161401117,AE1614,20160711,
1424,9161401118,AE1614,20160711,
1425,9161401119,AE1614,20160711,
1426,9161401102,AE1614,20160711,
1427,9161401120,AE1614,20160711,
1428,9161401121,AE1614,20160711,
1429,9161401122,AE1614,20160711,
1430,9161401123,AE1614,20160711,
1431,9161401124,AE1614,20160711,
1432,9161401103,AE1614,20160711,
1433,9161401104,AE1614,20160711,
1434,9161401105,AE1614,20160711,
1435,9161401106,AE1614,20160711,
1436,9161401107,AE1614,20160711,
1437,9161401108,AE1614,20160711,
1438,9161401109,AE1614,20160711,
1439,9161401201,AE1614,20160711,
1440,9161401210,AE1614,20160711,
1441,9161401211,AE1614,20160711,
1442,9161401212,AE1614,20160711,
1443,9161401213,AE1614,20160711,
1444,9161401214,AE1614,20160711,
1445,9161401215,AE1614,20160711,
1446,9161401216,AE1614,20160711,
1447,9161401217,AE1614,20160711,
1448,9161401218,AE1614,20160711,
1449,9161401219,AE1614,20160711,
1450,9161401202,AE1614,20160711,
1451,9161401220,AE1614,20160711,
1452,9161401221,AE1614,20160711,
1453,9161401222,AE1614,20160711,
1454,9161401223,AE1614,20160711,
1455,9161401224,AE1614,20160711,
1456,9161401203,AE1614,20160711,
1457,9161401204,AE1614,20160711,
1458,9161401205,AE1614,20160711,
1459,9161401206,AE1614,20160711,
1460,9161401207,AE1614,20160711,
1461,9161401208,AE1614,20160711,
1462,9161401209,AE1614,20160711,
1463,9161401301,AE1614,20160711,
1464,9161401310,AE1614,20160711,
1465,9161401311,AE1614,20160711,
1466,9161401312,AE1614,20160711,
1467,9161401313,AE1614,20160711,
1468,9161401314,AE1614,20160711,
1469,9161401315,AE1614,20160711,
1470,9161401316,AE1614,20160711,
1471,9161401317,AE1614,20160711,
1472,9161401318,AE1614,20160711,
1473,9161401319,AE1614,20160711,
1474,9161401302,AE1614,20160711,
1475,9161401320,AE1614,20160711,
1476,9161401321,AE1614,20160711,
1477,9161401322,AE1614,20160711,
1478,9161401323,AE1614,20160711,
1479,9161401324,AE1614,20160711,
1480,9161401303,AE1614,20160711,
1481,9161401304,AE1614,20160711,
1482,9161401305,AE1614,20160711,
1483,9161401306,AE1614,20160711,
1484,9161401307,AE1614,20160711,
1485,9161401308,AE1614,20160711,
1486,9161401309,AE1614,20160711,
1487,9161401401,AE1614,20160711,
1488,9161401410,AE1614,20160711,
1489,9161401411,AE1614,20160711,
1490,9161401412,AE1614,20160711,
1491,9161401413,AE1614,20160711,
1492,9161401414,AE1614,20160711,
1493,9161401415,AE1614,20160711,
1494,9161401416,AE1614,20160711,
1495,9161401417,AE1614,20160711,
1496,9161401418,AE1614,20160711,
1497,9161401419,AE1614,20160711,
1498,9161401402,AE1614,20160711,
1499,9161401420,AE1614,20160711,
1500,9161401421,AE1614,20160711,
1501,9161401422,AE1614,20160711,
1502,9161401423,AE1614,20160711,
1503,9161401424,AE1614,20160711,
1504,9161401403,AE1614,20160711,
1505,9161401404,AE1614,20160711,
1506,9161401405,AE1614,20160711,
1507,9161401406,AE1614,20160711,
1508,9161401407,AE1614,20160711,
1509,9161401408,AE1614,20160711,
1510,9161401409,AE1614,20160711,
1511,9161401501,AE1614,20160711,
1512,9161401510,AE1614,20160711,
1513,9161401511,AE1614,20160711,
1514,9161401512,AE1614,20160711,
1515,9161401513,AE1614,20160711,
1516,9161401514,AE1614,20160711,
1517,9161401515,AE1614,20160711,
1518,9161401516,AE1614,20160711,
1519,9161401517,AE1614,20160711,
1520,9161401518,AE1614,20160711,
1521,9161401519,AE1614,20160711,
1522,9161401502,AE1614,20160711,
1523,9161401520,AE1614,20160711,
1524,9161401521,AE1614,20160711,
1525,9161401522,AE1614,20160711,
1526,9161401523,AE1614,20160711,
1527,9161401524,AE1614,20160711,
1528,9161401503,AE1614,20160711,
1529,9161401504,AE1614,20160711,
1530,9161401505,AE1614,20160711,
1531,9161401506,AE1614,20160711,
1532,9161401507,AE1614,20160711,
1533,9161401508,AE1614,20160711,
1534,9161401509,AE1614,20160711,
1535,9161401601,AE1614,20160711,
1536,9161401610,AE1614,20160711,
1537,9161401611,AE1614,20160711,
1538,9161401612,AE1614,20160711,
1539,9161401613,AE1614,20160711,
1540,9161401614,AE1614,20160711,
1541,9161401615,AE1614,20160711,
1542,9161401616,AE1614,20160711,
1543,9161401617,AE1614,20160711,
1544,9161401618,AE1614,20160711,
1545,9161401619,AE1614,20160711,
1546,9161401602,AE1614,20160711,
1547,9161401620,AE1614,20160711,
1548,9161401621,AE1614,20160711,
1549,9161401622,AE1614,20160711,
1550,9161401623,AE1614,20160711,
1551,9161401624,AE1614,20160711,
1552,9161401603,AE1614,20160711,
1553,9161401604,AE1614,20160711,
1554,9161401605,AE1614,20160711,
1555,9161401606,AE1614,20160711,
1556,9161401607,AE1614,20160711,
1557,9161401608,AE1614,20160711,
1558,9161401609,AE1614,20160711,
1559,9161401701,AE1614,20160712,
1560,9161401710,AE1614,20160712,
1561,9161401711,AE1614,20160712,
1562,9161401712,AE1614,20160712,
1563,9161401713,AE1614,20160712,
1564,9161401714,AE1614,20160712,
1565,9161401715,AE1614,20160712,
1566,9161401716,AE1614,20160712,
1567,9161401717,AE1614,20160712,
1568,9161401718,AE1614,20160712,
1569,9161401719,AE1614,20160712,
1570,9161401702,AE1614,20160712,
1571,9161401720,AE1614,20160712,
1572,9161401721,AE1614,20160712,
1573,9161401722,AE1614,20160712,
1574,9161401723,AE1614,20160712,
1575,9161401724,AE1614,20160712,
1576,9161401703,AE1614,20160712,
1577,9161401704,AE1614,20160712,
1578,9161401705,AE1614,20160712,
1579,9161401706,AE1614,20160712,
1580,9161401707,AE1614,20160712,
1581,9161401708,AE1614,20160712,
1582,9161401709,AE1614,20160712,
1583,9161401801,AE1614,20160712,
1584,9161401810,AE1614,20160712,
1585,9161401811,AE1614,20160712,
1586,9161401812,AE1614,20160712,
1587,9161401813,AE1614,20160712,
1588,9161401814,AE1614,20160712,
1589,9161401815,AE1614,20160712,
1590,9161401816,AE1614,20160712,
1591,9161401817,AE1614,20160712,
1592,9161401818,AE1614,20160712,
1593,9161401819,AE1614,20160712,
1594,9161401802,AE1614,20160712,
1595,9161401820,AE1614,20160712,
1596,9161401821,AE1614,20160712,
1597,9161401822,AE1614,20160712,
1598,9161401823,AE1614,20160712,
1599,9161401824,AE1614,20160712,
1600,9161401803,AE1614,20160712,
1601,9161401804,AE1614,20160712,
1602,9161401805,AE1614,20160712,
1603,9161401806,AE1614,20160712,
1604,9161401807,AE1614,20160712,
1605,9161401808,AE1614,20160712,
1606,9161401809,AE1614,20160712,
1607,9161401901,AE1614,20160712,
1608,9161401902,AE1614,20160712,
1609,9161401903,AE1614,20160712,
1610,9161401904,AE1614,20160712,
1611,9161401905,AE1614,20160712,
1612,9161401906,AE1614,20160712,
1613,9161400201,AE1614,20160709,
1614,9161400210,AE1614,20160709,
1615,9161400211,AE1614,20160709,
1616,9161400212,AE1614,20160709,
1617,9161400213,AE1614,20160709,
1618,9161400214,AE1614,20160709,
1619,9161400215,AE1614,20160709,
1620,9161400216,AE1614,20160709,
1621,9161400217,AE1614,20160709,
1622,9161400218,AE1614,20160709,
1623,9161400219,AE1614,20160709,
1624,9161400202,AE1614,20160709,
1625,9161400220,AE1614,20160709,
1626,9161400221,AE1614,20160709,
1627,9161400222,AE1614,20160709,
1628,9161400223,AE1614,20160709,
1629,9161400224,AE1614,20160709,
1630,9161400203,AE1614,20160709,
1631,9161400204,AE1614,20160709,
1632,9161400205,AE1614,20160709,
1633,9161400206,AE1614,20160709,
1634,9161400207,AE1614,20160709,
1635,9161400208,AE1614,20160709,
1636,9161400209,AE1614,20160709,
1637,9161402001,AE1614,20160712,
1638,9161402010,AE1614,20160712,
1639,9161402011,AE1614,20160712,
1640,9161402012,AE1614,20160712,
1641,9161402013,AE1614,20160712,
1642,9161402014,AE1614,20160712,
1643,9161402015,AE1614,20160712,
1644,9161402016,AE1614,20160712,
1645,9161402017,AE1614,20160712,
1646,9161402018,AE1614,20160712,
1647,9161402019,AE1614,20160712,
1648,9161402002,AE1614,20160712,
1649,9161402020,AE1614,20160712,
1650,9161402021,AE1614,20160712,
1651,9161402022,AE1614,20160712,
1652,9161402023,AE1614,20160712,
1653,9161402024,AE1614,20160712,
1654,9161402003,AE1614,20160712,
1655,9161402004,AE1614,20160712,
1656,9161402005,AE1614,20160712,
1657,9161402006,AE1614,20160712,
1658,9161402007,AE1614,20160712,
1659,9161402008,AE1614,20160712,
1660,9161402009,AE1614,20160712,
1661,9161400301,AE1614,20160709,
1662,9161400310,AE1614,20160709,
1663,9161400311,AE1614,20160709,
1664,9161400312,AE1614,20160709,
1665,9161400313,AE1614,20160709,
1666,9161400314,AE1614,20160709,
1667,9161400315,AE1614,20160709,
1668,9161400316,AE1614,20160709,
1669,9161400317,AE1614,20160709,
1670,9161400318,AE1614,20160709,
1671,9161400319,AE1614,20160709,
1672,9161400302,AE1614,20160709,
1673,9161400320,AE1614,20160709,
1674,9161400321,AE1614,20160709,
1675,9161400322,AE1614,20160709,
1676,9161400323,AE1614,20160709,
1677,9161400324,AE1614,20160709,
1678,9161400303,AE1614,20160709,
1679,9161400304,AE1614,20160709,
1680,9161400305,AE1614,20160709,
1681,9161400306,AE1614,20160709,
1682,9161400307,AE1614,20160709,
1683,9161400308,AE1614,20160709,
1684,9161400309,AE1614,20160709,
1685,9161400401,AE1614,20160710,
1686,9161400410,AE1614,20160710,
1687,9161400411,AE1614,20160710,
1688,9161400412,AE1614,20160710,
1689,9161400413,AE1614,20160710,
1690,9161400414,AE1614,20160710,
1691,9161400415,AE1614,20160710,
1692,9161400402,AE1614,20160710,
1693,9161400403,AE1614,20160710,
1694,9161400404,AE1614,20160710,
1695,9161400405,AE1614,20160710,
1696,9161400406,AE1614,20160710,
1697,9161400407,AE1614,20160710,
1698,9161400408,AE1614,20160710,
1699,9161400409,AE1614,20160710,
1700,9161400501,AE1614,20160710,
1701,9161400510,AE1614,20160710,
1702,9161400511,AE1614,20160710,
1703,9161400512,AE1614,20160710,
1704,9161400513,AE1614,20160710,
1705,9161400514,AE1614,20160710,
1706,9161400515,AE1614,20160710,
1707,9161400516,AE1614,20160710,
1708,9161400517,AE1614,20160710,
1709,9161400518,AE1614,20160710,
1710,9161400519,AE1614,20160710,
1711,9161400502,AE1614,20160710,
1712,9161400520,AE1614,20160710,
1713,9161400521,AE1614,20160710,
1714,9161400522,AE1614,20160710,
1715,9161400523,AE1614,20160710,
1716,9161400524,AE1614,20160710,
1717,9161400503,AE1614,20160710,
1718,9161400504,AE1614,20160710,
1719,9161400505,AE1614,20160710,
1720,9161400506,AE1614,20160710,
1721,9161400507,AE1614,20160710,
1722,9161400508,AE1614,20160710,
1723,9161400509,AE1614,20160710,
1724,9161400601,AE1614,20160710,
1725,9161400610,AE1614,20160710,
1726,9161400611,AE1614,20160710,
1727,9161400612,AE1614,20160710,
1728,9161400613,AE1614,20160710,
1729,9161400614,AE1614,20160710,
1730,9161400615,AE1614,20160710,
1731,9161400616,AE1614,20160710,
1732,9161400617,AE1614,20160710,
1733,9161400618,AE1614,20160710,
1734,9161400619,AE1614,20160710,
1735,9161400602,AE1614,20160710,
1736,9161400620,AE1614,20160710,
1737,9161400621,AE1614,20160710,
1738,9161400622,AE1614,20160710,
1739,9161400623,AE1614,20160710,
1740,9161400624,AE1614,20160710,
1741,9161400603,AE1614,20160710,
1742,9161400604,AE1614,20160710,
1743,9161400605,AE1614,20160710,
1744,9161400606,AE1614,20160710,
1745,9161400607,AE1614,20160710,
1746,9161400608,AE1614,20160710,
1747,9161400609,AE1614,20160710,
1748,9161400701,AE1614,20160710,
1749,9161400710,AE1614,20160710,
1750,9161400711,AE1614,20160710,
1751,9161400712,AE1614,20160710,
1752,9161400713,AE1614,20160710,
1753,9161400714,AE1614,20160710,
1754,9161400715,AE1614,20160710,
1755,9161400716,AE1614,20160710,
1756,9161400717,AE1614,20160710,
1757,9161400718,AE1614,20160710,
1758,9161400719,AE1614,20160710,
1759,9161400702,AE1614,20160710,
1760,9161400720,AE1614,20160710,
1761,9161400721,AE1614,20160710,
1762,9161400722,AE1614,20160710,
1763,9161400723,AE1614,20160710,
1764,9161400724,AE1614,20160710,
1765,9161400703,AE1614,20160710,
1766,9161400704,AE1614,20160710,
1767,9161400705,AE1614,20160710,
1768,9161400706,AE1614,20160710,
1769,9161400707,AE1614,20160710,
1770,9161400708,AE1614,20160710,
1771,9161400709,AE1614,20160710,
1772,9161400801,AE1614,20160710,
1773,9161400810,AE1614,20160710,
1774,9161400811,AE1614,20160710,
1775,9161400812,AE1614,20160710,
1776,9161400813,AE1614,20160710,
1777,9161400814,AE1614,20160710,
1778,9161400815,AE1614,20160710,
1779,9161400816,AE1614,20160710,
1780,9161400817,AE1614,20160710,
1781,9161400818,AE1614,20160710,
1782,9161400819,AE1614,20160710,
1783,9161400802,AE1614,20160710,
1784,9161400820,AE1614,20160710,
1785,9161400821,AE1614,20160710,
1786,9161400822,AE1614,20160710,
1787,9161400823,AE1614,20160710,
1788,9161400824,AE1614,20160710,
1789,9161400803,AE1614,20160710,
1790,9161400804,AE1614,20160710,
1791,9161400805,AE1614,20160710,
1792,9161400806,AE1614,20160710,
1793,9161400807,AE1614,20160710,
1794,9161400808,AE1614,20160710,
1795,9161400809,AE1614,20160710,
1796,9161400901,AE1614,20160710,
1797,9161400910,AE1614,20160710,
1798,9161400911,AE1614,20160710,
1799,9161400912,AE1614,20160710,
1800,9161400913,AE1614,20160710,
1801,9161400914,AE1614,20160710,
1802,9161400915,AE1614,20160710,
1803,9161400916,AE1614,20160710,
1804,9161400917,AE1614,20160710,
1805,9161400918,AE1614,20160710,
1806,9161400919,AE1614,20160710,
1807,9161400902,AE1614,20160710,
1808,9161400920,AE1614,20160710,
1809,9161400921,AE1614,20160710,
1810,9161400922,AE1614,20160710,
1811,9161400923,AE1614,20160710,
1812,9161400924,AE1614,20160710,
1813,9161400903,AE1614,20160710,
1814,9161400904,AE1614,20160710,
1815,9161400905,AE1614,20160710,
1816,9161400906,AE1614,20160710,
1817,9161400907,AE1614,20160710,
1818,9161400908,AE1614,20160710,
1819,9161400909,AE1614,20160710,
1820,1035901006,AE1909,20190513,
1821,1035901007,AE1909,20190513,
1822,1035901008,AE1909,20190513,
1823,1035901009,AE1909,20190513,
1824,1035901010,AE1909,20190513,
1825,1035901011,AE1909,20190513,
1826,1035901012,AE1909,20190513,
1827,1035901013,AE1909,20190513,
1828,1035901014,AE1909,20190513,
1829,1035901015,AE1909,20190513,
1830,1035901016,AE1909,20190513,
1831,1035901017,AE1909,20190513,
1832,1035901018,AE1909,20190513,
1833,1035901019,AE1909,20190513,
1834,1035901020,AE1909,20190513,
1835,1035901021,AE1909,20190513,
1836,1035901022,AE1909,20190513,
1837,1035901023,AE1909,20190513,
1838,1035901024,AE1909,20190513,
1839,1035901201,AE1909,20190514,
1840,1035901202,AE1909,20190514,
1841,1035901203,AE1909,20190514,
1842,1035901204,AE1909,20190514,
1843,1035901205,AE1909,20190514,
1844,1035901206,AE1909,20190514,
1845,1035901207,AE1909,20190514,
1846,1035901208,AE1909,20190514,
1847,1035901209,AE1909,20190514,
1848,1035901210,AE1909,20190514,
1849,1035901211,AE1909,20190514,
1850,1035901212,AE1909,20190514,
1851,1035901213,AE1909,20190514,
1852,1035901214,AE1909,20190514,
1853,1035901215,AE1909,20190514,
1854,1035901216,AE1909,20190514,
1855,1035901501,AE1909,20190514,
1856,1035901502,AE1909,20190514,
1857,1035901503,AE1909,20190514,
1858,1035901504,AE1909,20190514,
1859,1035901505,AE1909,20190514,
1860,1035901506,AE1909,20190514,
1861,1035901507,AE1909,20190514,
1862,1035901508,AE1909,20190514,
1863,1035901509,AE1909,20190514,
1864,1035901510,AE1909,20190514,
1865,1035901511,AE1909,20190514,
1866,1035901512,AE1909,20190514,
1867,1035901513,AE1909,20190514,
1868,1035901514,AE1909,20190514,
1869,1035901515,AE1909,20190514,
1870,1035901516,AE1909,20190514,
1871,1035901517,AE1909,20190514,
1872,1035901518,AE1909,20190514,
1873,1035901519,AE1909,20190514,
1874,1035901520,AE1909,20190514,
1875,1035901521,AE1909,20190514,
1876,1035901522,AE1909,20190514,
1877,1035901523,AE1909,20190514,
1878,1035901524,AE1909,20190514,
1879,1035901601,AE1909,20190514,
1880,1035901602,AE1909,20190514,
1881,1035901603,AE1909,20190514,
1882,1035901604,AE1909,20190514,
1883,1035901605,AE1909,20190514,
1884,1035901606,AE1909,20190514,
1885,1035901607,AE1909,20190514,
1886,1035901608,AE1909,20190514,
1887,1035901609,AE1909,20190514,
1888,1035901610,AE1909,-999,
1889,1035901611,AE1909,-999,
1890,1035901612,AE1909,-999,
1891,1035901613,AE1909,-999,
1892,1035901614,AE1909,-999,
1893,1035901615,AE1909,-999,
1894,1035901616,AE1909,-999,
1895,1035901617,AE1909,-999,
1896,1035901618,AE1909,-999,
1897,1035901619,AE1909,-999,
1898,1035901620,AE1909,-999,
1899,1035901621,AE1909,-999,
1900,1035901622,AE1909,-999,
1901,1035901623,AE1909,-999,
1902,1035901624,AE1909,-999,
1903,1035902001,AE1909,20190516,lane1-s057-indexN724-D-S518-D-ACTGAGCG-CTATTAAG-BSv4-398_S57_L001_R1_001.fastq
1904,1035902002,AE1909,20190516,
1905,1035902003,AE1909,20190516,lane1-s058-indexN724-D-S520-D-ACTGAGCG-AAGGCTAT-BSv4-399_S58_L001_R1_001.fastq
1906,1035902004,AE1909,20190516,
1907,1035902005,AE1909,20190516,lane1-s059-indexN724-D-S521-D-ACTGAGCG-GAGCCTTA-BSv4-400_S59_L001_R1_001.fastq
1908,1035902006,AE1909,20190516,
1909,1035902007,AE1909,20190516,lane1-s060-indexN724-D-S522-D-ACTGAGCG-TTATGCGA-BSv4-401_S60_L001_R1_001.fastq
1910,1035902008,AE1909,20190516,
1911,1035902009,AE1909,20190516,lane1-s061-indexN724-D-S513-D-ACTGAGCG-TCGACTAG-BSv4-402_S61_L001_R1_001.fastq
1912,1035902010,AE1909,20190516,
1913,1035902011,AE1909,20190516,lane1-s062-indexN724-D-S515-D-ACTGAGCG-TTCTAGCT-BSv4-403_S62_L001_R1_001.fastq
1914,1035902012,AE1909,20190516,
1915,1035902013,AE1909,20190516,lane1-s063-indexN724-D-S516-D-ACTGAGCG-CCTAGAGT-BSv4-404_S63_L001_R1_001.fastq
1916,1035902014,AE1909,20190516,
1917,1035902015,AE1909,20190516,lane1-s064-indexN724-D-S517-D-ACTGAGCG-GCGTAAGA-BSv4-405_S64_L001_R1_001.fastq
1918,1035902016,AE1909,20190516,
1919,1035902017,AE1909,20190516,lane1-s065-indexN726-D-S518-D-CCTAAGAC-CTATTAAG-BSv4-406_S65_L001_R1_001.fastq
1920,1035902018,AE1909,20190516,
1921,1035902019,AE1909,20190516,lane1-s066-indexN726-D-S520-D-CCTAAGAC-AAGGCTAT-BSv4-407_S66_L001_R1_001.fastq
1922,1035902020,AE1909,20190516,
1923,1035902021,AE1909,20190516,lane1-s067-indexN726-D-S521-D-CCTAAGAC-GAGCCTTA-BSv4-408_S67_L001_R1_001.fastq
1924,1035902022,AE1909,20190516,
1925,1035902023,AE1909,20190516,lane1-s068-indexN726-D-S522-D-CCTAAGAC-TTATGCGA-BSv4-409_S68_L001_R1_001.fastq
1926,1035902024,AE1909,20190516,
1927,1036001001,AE1912,20190607,
1928,1036001002,AE1912,20190607,
1929,1036001003,AE1912,20190607,
1930,1036001004,AE1912,20190607,
1931,1036001005,AE1912,20190607,
1932,1036001006,AE1912,20190607,
1933,1036001007,AE1912,20190607,
1934,1036001008,AE1912,20190607,
1935,1036001009,AE1912,20190607,
1936,1036001010,AE1912,20190607,
1937,1036001011,AE1912,20190607,
1938,1036001012,AE1912,20190607,
1939,1036001013,AE1912,20190607,
1940,1036001014,AE1912,20190607,
1941,1036001015,AE1912,20190607,
1942,1036001016,AE1912,20190607,
1943,1036001017,AE1912,20190607,
1944,1036001018,AE1912,20190607,
1945,1036001019,AE1912,20190607,
1946,1036001020,AE1912,20190607,
1947,1036001021,AE1912,20190607,
1948,1036001022,AE1912,20190607,
1949,1036001023,AE1912,20190607,
1950,1036001024,AE1912,20190607,
1951,1036001201,AE1912,20190608,
1952,1036001202,AE1912,20190608,
1953,1036001203,AE1912,20190608,
1954,1036001204,AE1912,20190608,
1955,1036001205,AE1912,20190608,
1956,1036001206,AE1912,20190608,
1957,1036001207,AE1912,20190608,
1958,1036001208,AE1912,20190608,
1959,1036001209,AE1912,20190608,
1960,1036001210,AE1912,20190608,
1961,1036001211,AE1912,20190608,
1962,1036001212,AE1912,20190608,
1963,1036001213,AE1912,20190608,
1964,1036001214,AE1912,20190608,
1965,1036001215,AE1912,20190608,
1966,1036001216,AE1912,20190608,
1967,1036001217,AE1912,20190608,
1968,1036001218,AE1912,20190608,
1969,1036001219,AE1912,20190608,
1970,1036001220,AE1912,20190608,
1971,1036001221,AE1912,20190608,
1972,1036001222,AE1912,20190608,
1973,1036001223,AE1912,20190608,
1974,1036001501,AE1912,20190608,
1975,1036001502,AE1912,20190608,
1976,1036001503,AE1912,20190608,
1977,1036001504,AE1912,20190608,
1978,1036001505,AE1912,20190608,
1979,1036001506,AE1912,20190608,
1980,1036001507,AE1912,20190608,
1981,1036001508,AE1912,20190608,
1982,1036001509,AE1912,20190608,
1983,1036001510,AE1912,20190608,
1984,1036001511,AE1912,20190608,
1985,1036001512,AE1912,20190608,
1986,1036001513,AE1912,20190608,
1987,1036001514,AE1912,20190608,
1988,1036001515,AE1912,20190608,
1989,1036001516,AE1912,20190608,
1990,1036001517,AE1912,20190608,
1991,1036001518,AE1912,20190608,
1992,1036001519,AE1912,20190608,
1993,1036001520,AE1912,20190608,
1994,1036001521,AE1912,20190608,
1995,1036001522,AE1912,20190608,
1996,1036001523,AE1912,20190608,
1997,1036001524,AE1912,20190608,
1998,1036001601,AE1912,20190608,
1999,1036001602,AE1912,20190608,
2000,1036001603,AE1912,20190608,
2001,1036001604,AE1912,20190608,
2002,1036001605,AE1912,20190608,
2003,1036001606,AE1912,20190608,
2004,1036001607,AE1912,20190608,
2005,1036001608,AE1912,20190608,
2006,1036001609,AE1912,20190608,
2007,1036001610,AE1912,20190608,
2008,1036001611,AE1912,20190608,
2009,1036001612,AE1912,20190608,
2010,1036001613,AE1912,20190608,
2011,1036001614,AE1912,20190608,
2012,1036001615,AE1912,20190608,
2013,1036001616,AE1912,20190608,
2014,1036001617,AE1912,20190608,
2015,1036001618,AE1912,20190608,
2016,1036001619,AE1912,20190608,
2017,1036001620,AE1912,20190608,
2018,1036001621,AE1912,20190608,
2019,1036001622,AE1912,20190608,
2020,1036001623,AE1912,20190608,
2021,1036001624,AE1912,-999,
2022,1036001801,AE1912,20190609,
2023,1036001802,AE1912,20190609,
2024,1036001803,AE1912,20190609,
2025,1036001804,AE1912,20190609,
2026,1036001805,AE1912,20190609,
2027,1036001806,AE1912,20190609,
2028,1036001807,AE1912,20190609,
2029,1036001808,AE1912,20190609,
2030,1036001809,AE1912,20190609,
2031,1036001810,AE1912,20190609,
2032,1036001811,AE1912,20190609,
2033,1036001812,AE1912,20190609,
2034,1036001813,AE1912,20190609,
2035,1036001814,AE1912,20190609,
2036,1036001815,AE1912,20190609,
2037,1036001816,AE1912,20190609,
2038,1036001817,AE1912,20190609,
2039,1036001818,AE1912,20190609,
2040,1036001819,AE1912,20190609,
2041,1036001820,AE1912,20190609,
2042,1036001821,AE1912,20190609,
2043,1036001822,AE1912,20190609,
2044,1036001823,AE1912,-999,
2045,1036001824,AE1912,-999,
2046,1036001901,AE1912,20190609,lane1-s105-indexN718-B-S505-B-GGAGCTAC-GTAAGGAG-BSv4-446_S105_L001_R1_001.fastq
2047,1036001902,AE1912,20190609,
2048,1036001903,AE1912,20190609,lane1-s106-indexN718-B-S506-B-GGAGCTAC-ACTGCATA-BSv4-447_S106_L001_R1_001.fastq
2049,1036001904,AE1912,20190609,
2050,1036001905,AE1912,20190609,lane1-s107-indexN718-B-S507-B-GGAGCTAC-AAGGAGTA-BSv4-448_S107_L001_R1_001.fastq
2051,1036001906,AE1912,20190609,
2052,1036001907,AE1912,20190609,lane1-s108-indexN718-B-S508-B-GGAGCTAC-CTAAGCCT-BSv4-449_S108_L001_R1_001.fastq
2053,1036001908,AE1912,20190609,
2054,1036001909,AE1912,20190609,lane1-s109-indexN719-B-S510-B-GCGTAGTA-CGTCTAAT-BSv4-450_S109_L001_R1_001.fastq
2055,1036001910,AE1912,20190609,
2056,1036001911,AE1912,20190609,lane1-s110-indexN719-B-S511-B-GCGTAGTA-TCTCTCCG-BSv4-451_S110_L001_R1_001.fastq
2057,1036001912,AE1912,20190609,
2058,1036001913,AE1912,20190609,lane1-s111-indexN719-B-S502-B-GCGTAGTA-CTCTCTAT-BSv4-452_S111_L001_R1_001.fastq
2059,1036001914,AE1912,20190609,
2060,1036001915,AE1912,20190609,lane1-s112-indexN719-B-S503-B-GCGTAGTA-TATCCTCT-BSv4-453_S112_L001_R1_001.fastq
2061,1036001916,AE1912,20190609,
2062,1036001917,AE1912,20190609,lane1-s113-indexN719-B-S505-B-GCGTAGTA-GTAAGGAG-BSv4-454_S113_L001_R1_001.fastq
2063,1036001918,AE1912,20190609,
2064,1036001919,AE1912,20190609,lane1-s114-indexN719-B-S506-B-GCGTAGTA-ACTGCATA-BSv4-455_S114_L001_R1_001.fastq
2065,1036001920,AE1912,20190609,
2066,1036001921,AE1912,20190609,lane1-s115-indexN719-B-S507-B-GCGTAGTA-AAGGAGTA-BSv4-456_S115_L001_R1_001.fastq
2067,1036001922,AE1912,20190609,
2068,1036001923,AE1912,20190609,lane1-s116-indexN719-B-S508-B-GCGTAGTA-CTAAGCCT-BSv4-457_S116_L001_R1_001.fastq
2069,1036001924,AE1912,20190609,
2070,1036100901,AE1917,20190715,
2071,1036100902,AE1917,20190715,
2072,1036100903,AE1917,20190715,
2073,1036100904,AE1917,20190715,
2074,1036100905,AE1917,20190715,
2075,1036100906,AE1917,20190715,
2076,1036100907,AE1917,20190715,
2077,1036100908,AE1917,20190715,
2078,1036100909,AE1917,20190715,
2079,1036100910,AE1917,20190715,
2080,1036100911,AE1917,20190715,
2081,1036100912,AE1917,20190715,
2082,1036100913,AE1917,20190715,
2083,1036100914,AE1917,20190715,
2084,1036100915,AE1917,20190715,
2085,1036100916,AE1917,20190715,
2086,1036100917,AE1917,20190715,
2087,1036100918,AE1917,20190715,
2088,1036100919,AE1917,20190715,
2089,1036100920,AE1917,20190715,
2090,1036100921,AE1917,20190715,
2091,1036100922,AE1917,20190715,
2092,1036100923,AE1917,20190715,
2093,1036100924,AE1917,20190715,
2094,1036101501,AE1917,20190717,
2095,1036101502,AE1917,20190717,
2096,1036101503,AE1917,20190717,
2097,1036101504,AE1917,20190717,
2098,1036101505,AE1917,20190717,
2099,1036101506,AE1917,20190717,
2100,1036101507,AE1917,20190717,
2101,1036101508,AE1917,20190717,
2102,1036101509,AE1917,20190717,
2103,1036101510,AE1917,20190717,
2104,1036101511,AE1917,20190717,
2105,1036101512,AE1917,20190717,
2106,1036101513,AE1917,20190717,
2107,1036101514,AE1917,20190717,
2108,1036101515,AE1917,20190717,
2109,1036101516,AE1917,20190717,
2110,1036101701,AE1917,20190717,
2111,1036101702,AE1917,20190717,
2112,1036101703,AE1917,20190717,
2113,1036101704,AE1917,20190717,
2114,1036101705,AE1917,20190717,
2115,1036101706,AE1917,20190717,
2116,1036101707,AE1917,20190717,
2117,1036101708,AE1917,20190717,
2118,1036101709,AE1917,20190717,
2119,1036101710,AE1917,20190717,
2120,1036101711,AE1917,20190717,
2121,1036101712,AE1917,20190717,
2122,1036101713,AE1917,20190717,
2123,1036101714,AE1917,20190717,
2124,1036101715,AE1917,20190717,
2125,1036101716,AE1917,20190717,
2126,1036101717,AE1917,20190717,
2127,1036101718,AE1917,20190717,
2128,1036101719,AE1917,20190717,
2129,1036101720,AE1917,20190717,
2130,1036101721,AE1917,20190717,
2131,1036101722,AE1917,20190717,
2132,1036101723,AE1917,20190717,
2133,1036101724,AE1917,20190717,
2134,1036101801,AE1917,20190717,
2135,1036101802,AE1917,20190717,
2136,1036101803,AE1917,20190717,
2137,1036101804,AE1917,20190717,
2138,1036101805,AE1917,20190717,
2139,1036101806,AE1917,20190717,
2140,1036101807,AE1917,20190717,
2141,1036101808,AE1917,20190717,
2142,1036101809,AE1917,-999,
2143,1036101810,AE1917,-999,
2144,1036101811,AE1917,-999,
2145,1036101812,AE1917,-999,
2146,1036101813,AE1917,-999,
2147,1036101814,AE1917,-999,
2148,1036101815,AE1917,-999,
2149,1036101816,AE1917,-999,
2150,1036101817,AE1917,-999,
2151,1036101818,AE1917,-999,
2152,1036101819,AE1917,-999,
2153,1036101820,AE1917,-999,
2154,1036101821,AE1917,-999,
2155,1036101822,AE1917,-999,
2156,1036101823,AE1917,-999,
2157,1036101824,AE1917,-999,
2158,1036101901,AE1917,20190718,lane1-s001-indexN714-C-S518-C-GCTCATGA-CTATTAAG-BSv4-522_S1_L001_R1_001.fastq
2159,1036101902,AE1917,20190718,
2160,1036101903,AE1917,20190718,
2161,1036101904,AE1917,20190718,lane1-s002-indexN714-C-S520-C-GCTCATGA-AAGGCTAT-BSv4-523_S2_L001_R1_001.fastq
2162,1036101905,AE1917,20190718,
2163,1036101906,AE1917,20190718,lane1-s003-indexN714-C-S521-C-GCTCATGA-GAGCCTTA-BSv4-524_S3_L001_R1_001.fastq
2164,1036101907,AE1917,20190718,
2165,1036101908,AE1917,20190718,lane1-s004-indexN714-C-S522-C-GCTCATGA-TTATGCGA-BSv4-525_S4_L001_R1_001.fastq
2166,1036101909,AE1917,20190718,
2167,1036101910,AE1917,20190718,lane1-s005-indexN714-C-S513-C-GCTCATGA-TCGACTAG-BSv4-526_S5_L001_R1_001.fastq
2168,1036101911,AE1917,20190718,lane1-s006-indexN714-C-S515-C-GCTCATGA-TTCTAGCT-BSv4-527_S6_L001_R1_001.fastq
2169,1036101912,AE1917,20190718,
2170,1036101913,AE1917,20190718,lane1-s007-indexN714-C-S516-C-GCTCATGA-CCTAGAGT-BSv4-528_S7_L001_R1_001.fastq
2171,1036101914,AE1917,20190718,
2172,1036101915,AE1917,20190718,lane1-s008-indexN714-C-S517-C-GCTCATGA-GCGTAAGA-BSv4-529_S8_L001_R1_001.fastq
2173,1036101916,AE1917,20190718,
2174,1036101917,AE1917,20190718,
2175,1036101918,AE1917,20190718,lane1-s009-indexN715-C-S518-C-ATCTCAGG-CTATTAAG-BSv4-530_S9_L001_R1_001.fastq
2176,1036101919,AE1917,20190718,lane1-s010-indexN715-C-S520-C-ATCTCAGG-AAGGCTAT-BSv4-531_S10_L001_R1_001.fastq
2177,1036101920,AE1917,20190718,
2178,1036101921,AE1917,20190718,lane1-s011-indexN715-C-S521-C-ATCTCAGG-GAGCCTTA-BSv4-532_S11_L001_R1_001.fastq
2179,1036101922,AE1917,20190718,
2180,1036101923,AE1917,20190718,lane1-s012-indexN715-C-S522-C-ATCTCAGG-TTATGCGA-BSv4-533_S12_L001_R1_001.fastq
2181,1036101924,AE1917,20190718,
2182,1036200901,AE1921,20190817,
2183,1036200902,AE1921,20190817,
2184,1036200903,AE1921,20190817,
2185,1036200904,AE1921,20190817,
2186,1036200905,AE1921,20190817,
2187,1036200906,AE1921,20190817,
2188,1036200907,AE1921,20190817,
2189,1036200908,AE1921,20190817,
2190,1036200909,AE1921,20190817,
2191,1036200910,AE1921,20190817,
2192,1036200911,AE1921,20190817,
2193,1036200912,AE1921,20190817,
2194,1036200913,AE1921,20190817,
2195,1036200914,AE1921,20190817,
2196,1036201001,AE1921,20190818,
2197,1036201002,AE1921,20190818,
2198,1036201003,AE1921,20190818,
2199,1036201004,AE1921,20190818,
2200,1036201005,AE1921,20190818,
2201,1036201006,AE1921,20190818,
2202,1036201007,AE1921,20190818,
2203,1036201008,AE1921,20190818,
2204,1036201009,AE1921,20190818,
2205,1036201010,AE1921,20190818,
2206,1036201011,AE1921,20190818,
2207,1036201012,AE1921,20190818,
2208,1036201013,AE1921,20190818,
2209,1036201014,AE1921,20190818,
2210,1036201015,AE1921,20190818,
2211,1036201016,AE1921,20190818,
2212,1036201017,AE1921,20190818,
2213,1036201018,AE1921,20190818,
2214,1036201019,AE1921,20190818,
2215,1036201020,AE1921,20190818,
2216,1036201021,AE1921,20190818,
2217,1036201022,AE1921,20190818,
2218,1036201023,AE1921,20190818,
2219,1036201024,AE1921,20190818,
2220,1036201201,AE1921,20190819,
2221,1036201202,AE1921,20190819,
2222,1036201203,AE1921,20190819,
2223,1036201204,AE1921,20190819,
2224,1036201205,AE1921,20190819,
2225,1036201206,AE1921,20190819,
2226,1036201207,AE1921,20190819,
2227,1036201208,AE1921,20190819,
2228,1036201209,AE1921,20190819,
2229,1036201210,AE1921,20190819,
2230,1036201211,AE1921,20190819,
2231,1036201212,AE1921,20190819,
2232,1036201213,AE1921,20190819,
2233,1036201214,AE1921,20190819,
2234,1036201215,AE1921,20190819,
2235,1036201216,AE1921,20190819,
2236,1036201501,AE1921,20190819,
2237,1036201502,AE1921,20190819,
2238,1036201503,AE1921,20190819,
2239,1036201504,AE1921,20190819,
2240,1036201505,AE1921,20190819,
2241,1036201506,AE1921,20190819,
2242,1036201507,AE1921,20190819,
2243,1036201508,AE1921,20190819,
2244,1036201509,AE1921,20190819,
2245,1036201510,AE1921,20190819,
2246,1036201511,AE1921,20190819,
2247,1036201512,AE1921,20190819,
2248,1036201513,AE1921,20190819,
2249,1036201514,AE1921,20190819,
2250,1036201515,AE1921,20190819,
2251,1036201516,AE1921,20190819,
2252,1036201517,AE1921,20190819,
2253,1036201518,AE1921,20190819,
2254,1036201519,AE1921,20190819,
2255,1036201520,AE1921,20190819,
2256,1036201521,AE1921,20190819,
2257,1036201522,AE1921,20190819,
2258,1036201523,AE1921,20190819,
2259,1036201524,AE1921,20190819,
2260,1036201701,AE1921,20190820,
2261,1036201702,AE1921,-999,
2262,1036201703,AE1921,-999,
2263,1036201704,AE1921,20190820,
2264,1036201705,AE1921,-999,
2265,1036201706,AE1921,-999,
2266,1036201707,AE1921,20190820,
2267,1036201708,AE1921,-999,
2268,1036201709,AE1921,-999,
2269,1036201710,AE1921,-999,
2270,1036201711,AE1921,-999,
2271,1036201712,AE1921,-999,
2272,1036201713,AE1921,-999,
2273,1036201714,AE1921,-999,
2274,1036201715,AE1921,-999,
2275,1036201716,AE1921,-999,
2276,1036201717,AE1921,-999,
2277,1036201718,AE1921,-999,
2278,1036201719,AE1921,-999,
2279,1036201720,AE1921,-999,
2280,1036201721,AE1921,-999,
2281,1036201722,AE1921,-999,
2282,1036201723,AE1921,-999,
2283,1036201724,AE1921,-999,
2284,1036202201,AE1921,20190821,lane1-s013-indexN715-C-S513-C-ATCTCAGG-TCGACTAG-BSv4-534_S13_L001_R1_001.fastq
2285,1036202202,AE1921,20190821,
2286,1036202203,AE1921,20190821,lane1-s014-indexN715-C-S515-C-ATCTCAGG-TTCTAGCT-BSv4-535_S14_L001_R1_001.fastq
2287,1036202204,AE1921,20190821,
2288,1036202205,AE1921,20190821,lane1-s015-indexN715-C-S516-C-ATCTCAGG-CCTAGAGT-BSv4-536_S15_L001_R1_001.fastq
